'Elapsed time','MLII','V5'
'hh:mm:ss.mmm','mV','mV'
'0:00.000',-0.145,-0.065
'0:00.003',-0.145,-0.065
'0:00.006',-0.145,-0.065
'0:00.008',-0.145,-0.065
'0:00.011',-0.145,-0.065
'0:00.014',-0.145,-0.065
'0:00.017',-0.145,-0.065
'0:00.019',-0.145,-0.065
'0:00.022',-0.120,-0.080
'0:00.025',-0.135,-0.080
'0:00.028',-0.145,-0.085
'0:00.031',-0.150,-0.085
'0:00.033',-0.160,-0.075
'0:00.036',-0.155,-0.070
'0:00.039',-0.160,-0.070
'0:00.042',-0.175,-0.065
'0:00.044',-0.180,-0.055
'0:00.047',-0.185,-0.050
'0:00.050',-0.170,-0.050
'0:00.053',-0.155,-0.040
'0:00.056',-0.175,-0.040
'0:00.058',-0.180,-0.055
'0:00.061',-0.190,-0.075
'0:00.064',-0.180,-0.080
'0:00.067',-0.155,-0.085
'0:00.069',-0.135,-0.070
'0:00.072',-0.155,-0.080
'0:00.075',-0.190,-0.080
'0:00.078',-0.205,-0.090
'0:00.081',-0.235,-0.095
'0:00.083',-0.225,-0.090
'0:00.086',-0.245,-0.095
'0:00.089',-0.250,-0.110
'0:00.092',-0.260,-0.120
'0:00.094',-0.275,-0.145
'0:00.097',-0.275,-0.135
'0:00.100',-0.275,-0.105
'0:00.103',-0.265,-0.095
'0:00.106',-0.255,-0.105
'0:00.108',-0.265,-0.120
'0:00.111',-0.275,-0.135
'0:00.114',-0.290,-0.125
'0:00.117',-0.290,-0.125
'0:00.119',-0.290,-0.115
'0:00.122',-0.290,-0.115
'0:00.125',-0.285,-0.125
'0:00.128',-0.295,-0.140
'0:00.131',-0.305,-0.140
'0:00.133',-0.285,-0.130
'0:00.136',-0.275,-0.125
'0:00.139',-0.275,-0.140
'0:00.142',-0.280,-0.145
'0:00.144',-0.285,-0.150
'0:00.147',-0.305,-0.150
'0:00.150',-0.290,-0.130
'0:00.153',-0.300,-0.115
'0:00.156',-0.280,-0.125
'0:00.158',-0.290,-0.135
'0:00.161',-0.300,-0.160
'0:00.164',-0.315,-0.195
'0:00.167',-0.320,-0.200
'0:00.169',-0.335,-0.205
'0:00.172',-0.360,-0.225
'0:00.175',-0.385,-0.255
'0:00.178',-0.385,-0.300
'0:00.181',-0.405,-0.290
'0:00.183',-0.455,-0.235
'0:00.186',-0.485,-0.130
'0:00.189',-0.485,-0.035
'0:00.192',-0.425,0.050
'0:00.194',-0.330,0.120
'0:00.197',-0.220,0.200
'0:00.200',-0.070,0.310
'0:00.203',0.120,0.435
'0:00.206',0.375,0.535
'0:00.208',0.620,0.580
'0:00.211',0.780,0.475
'0:00.214',0.840,0.210
'0:00.217',0.765,-0.085
'0:00.219',0.520,-0.230
'0:00.222',0.170,-0.250
'0:00.225',-0.165,-0.215
'0:00.228',-0.365,-0.180
'0:00.231',-0.435,-0.185
'0:00.233',-0.425,-0.160
'0:00.236',-0.370,-0.150
'0:00.239',-0.330,-0.150
'0:00.242',-0.325,-0.180
'0:00.244',-0.335,-0.180
'0:00.247',-0.345,-0.160
'0:00.250',-0.330,-0.165
'0:00.253',-0.325,-0.170
'0:00.256',-0.315,-0.165
'0:00.258',-0.310,-0.185
'0:00.261',-0.320,-0.185
'0:00.264',-0.335,-0.185
'0:00.267',-0.340,-0.170
'0:00.269',-0.325,-0.160
'0:00.272',-0.345,-0.155
'0:00.275',-0.335,-0.175
'0:00.278',-0.330,-0.195
'0:00.281',-0.335,-0.185
'0:00.283',-0.330,-0.185
'0:00.286',-0.325,-0.175
'0:00.289',-0.330,-0.175
'0:00.292',-0.330,-0.195
'0:00.294',-0.345,-0.190
'0:00.297',-0.355,-0.180
'0:00.300',-0.335,-0.165
'0:00.303',-0.325,-0.170
'0:00.306',-0.305,-0.170
'0:00.308',-0.320,-0.170
'0:00.311',-0.320,-0.190
'0:00.314',-0.330,-0.185
'0:00.317',-0.340,-0.180
'0:00.319',-0.335,-0.170
'0:00.322',-0.340,-0.175
'0:00.325',-0.345,-0.190
'0:00.328',-0.355,-0.200
'0:00.331',-0.355,-0.195
'0:00.333',-0.340,-0.185
'0:00.336',-0.330,-0.170
'0:00.339',-0.330,-0.170
'0:00.342',-0.330,-0.185
'0:00.344',-0.340,-0.195
'0:00.347',-0.350,-0.175
'0:00.350',-0.325,-0.200
'0:00.353',-0.325,-0.185
'0:00.356',-0.330,-0.180
'0:00.358',-0.330,-0.185
'0:00.361',-0.335,-0.205
'0:00.364',-0.335,-0.190
'0:00.367',-0.340,-0.180
'0:00.369',-0.330,-0.185
'0:00.372',-0.340,-0.200
'0:00.375',-0.350,-0.215
'0:00.378',-0.355,-0.205
'0:00.381',-0.350,-0.210
'0:00.383',-0.345,-0.200
'0:00.386',-0.330,-0.185
'0:00.389',-0.320,-0.205
'0:00.392',-0.335,-0.200
'0:00.394',-0.330,-0.210
'0:00.397',-0.345,-0.205
'0:00.400',-0.330,-0.185
'0:00.403',-0.335,-0.185
'0:00.406',-0.335,-0.200
'0:00.408',-0.345,-0.215
'0:00.411',-0.345,-0.225
'0:00.414',-0.355,-0.220
'0:00.417',-0.340,-0.200
'0:00.419',-0.340,-0.200
'0:00.422',-0.335,-0.215
'0:00.425',-0.330,-0.225
'0:00.428',-0.350,-0.235
'0:00.431',-0.350,-0.245
'0:00.433',-0.345,-0.240
'0:00.436',-0.335,-0.240
'0:00.439',-0.335,-0.240
'0:00.442',-0.335,-0.245
'0:00.444',-0.350,-0.260
'0:00.447',-0.355,-0.260
'0:00.450',-0.355,-0.265
'0:00.453',-0.345,-0.265
'0:00.456',-0.345,-0.280
'0:00.458',-0.335,-0.285
'0:00.461',-0.350,-0.295
'0:00.464',-0.360,-0.295
'0:00.467',-0.360,-0.300
'0:00.469',-0.360,-0.290
'0:00.472',-0.365,-0.300
'0:00.475',-0.360,-0.315
'0:00.478',-0.370,-0.315
'0:00.481',-0.385,-0.315
'0:00.483',-0.370,-0.315
'0:00.486',-0.360,-0.310
'0:00.489',-0.355,-0.310
'0:00.492',-0.360,-0.325
'0:00.494',-0.375,-0.330
'0:00.497',-0.375,-0.325
'0:00.500',-0.365,-0.315
'0:00.503',-0.365,-0.305
'0:00.506',-0.360,-0.305
'0:00.508',-0.360,-0.290
'0:00.511',-0.365,-0.290
'0:00.514',-0.370,-0.275
'0:00.517',-0.355,-0.270
'0:00.519',-0.330,-0.245
'0:00.522',-0.325,-0.240
'0:00.525',-0.325,-0.250
'0:00.528',-0.335,-0.250
'0:00.531',-0.340,-0.235
'0:00.533',-0.315,-0.220
'0:00.536',-0.300,-0.195
'0:00.539',-0.300,-0.190
'0:00.542',-0.290,-0.190
'0:00.544',-0.295,-0.190
'0:00.547',-0.290,-0.180
'0:00.550',-0.285,-0.160
'0:00.553',-0.275,-0.145
'0:00.556',-0.255,-0.150
'0:00.558',-0.250,-0.160
'0:00.561',-0.250,-0.160
'0:00.564',-0.265,-0.155
'0:00.567',-0.255,-0.145
'0:00.569',-0.245,-0.140
'0:00.572',-0.230,-0.160
'0:00.575',-0.245,-0.150
'0:00.578',-0.245,-0.175
'0:00.581',-0.255,-0.170
'0:00.583',-0.255,-0.160
'0:00.586',-0.240,-0.160
'0:00.589',-0.250,-0.150
'0:00.592',-0.255,-0.155
'0:00.594',-0.245,-0.160
'0:00.597',-0.255,-0.170
'0:00.600',-0.250,-0.155
'0:00.603',-0.250,-0.155
'0:00.606',-0.265,-0.150
'0:00.608',-0.260,-0.165
'0:00.611',-0.260,-0.175
'0:00.614',-0.265,-0.165
'0:00.617',-0.270,-0.165
'0:00.619',-0.265,-0.160
'0:00.622',-0.260,-0.160
'0:00.625',-0.275,-0.180
'0:00.628',-0.280,-0.175
'0:00.631',-0.290,-0.185
'0:00.633',-0.275,-0.165
'0:00.636',-0.270,-0.150
'0:00.639',-0.260,-0.150
'0:00.642',-0.280,-0.170
'0:00.644',-0.280,-0.185
'0:00.647',-0.285,-0.195
'0:00.650',-0.275,-0.190
'0:00.653',-0.275,-0.190
'0:00.656',-0.265,-0.185
'0:00.658',-0.270,-0.190
'0:00.661',-0.285,-0.210
'0:00.664',-0.290,-0.195
'0:00.667',-0.280,-0.190
'0:00.669',-0.275,-0.180
'0:00.672',-0.285,-0.205
'0:00.675',-0.280,-0.215
'0:00.678',-0.300,-0.225
'0:00.681',-0.300,-0.210
'0:00.683',-0.305,-0.205
'0:00.686',-0.295,-0.195
'0:00.689',-0.300,-0.200
'0:00.692',-0.310,-0.195
'0:00.694',-0.310,-0.210
'0:00.697',-0.305,-0.215
'0:00.700',-0.295,-0.205
'0:00.703',-0.285,-0.185
'0:00.706',-0.285,-0.195
'0:00.708',-0.290,-0.195
'0:00.711',-0.295,-0.220
'0:00.714',-0.310,-0.220
'0:00.717',-0.290,-0.210
'0:00.719',-0.295,-0.215
'0:00.722',-0.300,-0.220
'0:00.725',-0.305,-0.220
'0:00.728',-0.310,-0.225
'0:00.731',-0.325,-0.210
'0:00.733',-0.310,-0.200
'0:00.736',-0.300,-0.210
'0:00.739',-0.290,-0.225
'0:00.742',-0.310,-0.230
'0:00.744',-0.325,-0.225
'0:00.747',-0.330,-0.220
'0:00.750',-0.315,-0.230
'0:00.753',-0.300,-0.210
'0:00.756',-0.305,-0.215
'0:00.758',-0.310,-0.215
'0:00.761',-0.320,-0.230
'0:00.764',-0.330,-0.215
'0:00.767',-0.325,-0.220
'0:00.769',-0.315,-0.205
'0:00.772',-0.310,-0.205
'0:00.775',-0.305,-0.210
'0:00.778',-0.305,-0.215
'0:00.781',-0.310,-0.225
'0:00.783',-0.300,-0.215
'0:00.786',-0.305,-0.215
'0:00.789',-0.290,-0.215
'0:00.792',-0.300,-0.225
'0:00.794',-0.300,-0.225
'0:00.797',-0.305,-0.225
'0:00.800',-0.305,-0.205
'0:00.803',-0.290,-0.195
'0:00.806',-0.280,-0.210
'0:00.808',-0.295,-0.210
'0:00.811',-0.305,-0.215
'0:00.814',-0.315,-0.235
'0:00.817',-0.305,-0.230
'0:00.819',-0.295,-0.220
'0:00.822',-0.290,-0.220
'0:00.825',-0.280,-0.230
'0:00.828',-0.270,-0.225
'0:00.831',-0.275,-0.230
'0:00.833',-0.275,-0.215
'0:00.836',-0.270,-0.195
'0:00.839',-0.250,-0.195
'0:00.842',-0.250,-0.190
'0:00.844',-0.255,-0.200
'0:00.847',-0.225,-0.195
'0:00.850',-0.220,-0.180
'0:00.853',-0.205,-0.170
'0:00.856',-0.200,-0.180
'0:00.858',-0.205,-0.175
'0:00.861',-0.215,-0.195
'0:00.864',-0.230,-0.195
'0:00.867',-0.220,-0.170
'0:00.869',-0.225,-0.175
'0:00.872',-0.225,-0.175
'0:00.875',-0.225,-0.180
'0:00.878',-0.230,-0.185
'0:00.881',-0.235,-0.185
'0:00.883',-0.240,-0.175
'0:00.886',-0.235,-0.175
'0:00.889',-0.220,-0.175
'0:00.892',-0.210,-0.190
'0:00.894',-0.205,-0.205
'0:00.897',-0.245,-0.200
'0:00.900',-0.285,-0.205
'0:00.903',-0.285,-0.205
'0:00.906',-0.300,-0.215
'0:00.908',-0.310,-0.215
'0:00.911',-0.330,-0.225
'0:00.914',-0.330,-0.215
'0:00.917',-0.325,-0.210
'0:00.919',-0.315,-0.200
'0:00.922',-0.320,-0.215
'0:00.925',-0.315,-0.225
'0:00.928',-0.325,-0.245
'0:00.931',-0.340,-0.245
'0:00.933',-0.345,-0.250
'0:00.936',-0.340,-0.225
'0:00.939',-0.340,-0.230
'0:00.942',-0.350,-0.235
'0:00.944',-0.345,-0.240
'0:00.947',-0.355,-0.235
'0:00.950',-0.330,-0.235
'0:00.953',-0.335,-0.220
'0:00.956',-0.330,-0.230
'0:00.958',-0.320,-0.240
'0:00.961',-0.345,-0.240
'0:00.964',-0.355,-0.245
'0:00.967',-0.340,-0.225
'0:00.969',-0.330,-0.225
'0:00.972',-0.325,-0.235
'0:00.975',-0.330,-0.250
'0:00.978',-0.350,-0.270
'0:00.981',-0.365,-0.280
'0:00.983',-0.360,-0.290
'0:00.986',-0.380,-0.300
'0:00.989',-0.425,-0.330
'0:00.992',-0.445,-0.360
'0:00.994',-0.475,-0.355
'0:00.997',-0.510,-0.305
'0:01.000',-0.535,-0.205
'0:01.003',-0.505,-0.080
'0:01.006',-0.415,0.015
'0:01.008',-0.300,0.065
'0:01.011',-0.160,0.115
'0:01.014',-0.015,0.190
'0:01.017',0.235,0.300
'0:01.019',0.490,0.410
'0:01.022',0.720,0.495
'0:01.025',0.875,0.485
'0:01.028',0.940,0.360
'0:01.031',0.905,0.105
'0:01.033',0.755,-0.165
'0:01.036',0.490,-0.350
'0:01.039',0.165,-0.450
'0:01.042',-0.110,-0.470
'0:01.044',-0.270,-0.450
'0:01.047',-0.390,-0.395
'0:01.050',-0.450,-0.345
'0:01.053',-0.475,-0.310
'0:01.056',-0.455,-0.295
'0:01.058',-0.425,-0.285
'0:01.061',-0.390,-0.295
'0:01.064',-0.390,-0.295
'0:01.067',-0.385,-0.280
'0:01.069',-0.390,-0.285
'0:01.072',-0.380,-0.285
'0:01.075',-0.380,-0.285
'0:01.078',-0.380,-0.290
'0:01.081',-0.395,-0.275
'0:01.083',-0.385,-0.275
'0:01.086',-0.385,-0.275
'0:01.089',-0.385,-0.270
'0:01.092',-0.375,-0.285
'0:01.094',-0.395,-0.295
'0:01.097',-0.410,-0.290
'0:01.100',-0.410,-0.275
'0:01.103',-0.400,-0.265
'0:01.106',-0.395,-0.265
'0:01.108',-0.390,-0.275
'0:01.111',-0.405,-0.295
'0:01.114',-0.395,-0.290
'0:01.117',-0.385,-0.285
'0:01.119',-0.375,-0.270
'0:01.122',-0.390,-0.265
'0:01.125',-0.390,-0.275
'0:01.128',-0.405,-0.280
'0:01.131',-0.410,-0.280
'0:01.133',-0.410,-0.270
'0:01.136',-0.390,-0.265
'0:01.139',-0.390,-0.270
'0:01.142',-0.395,-0.270
'0:01.144',-0.405,-0.280
'0:01.147',-0.415,-0.270
'0:01.150',-0.400,-0.265
'0:01.153',-0.410,-0.265
'0:01.156',-0.405,-0.265
'0:01.158',-0.410,-0.270
'0:01.161',-0.415,-0.285
'0:01.164',-0.410,-0.285
'0:01.167',-0.400,-0.265
'0:01.169',-0.400,-0.265
'0:01.172',-0.395,-0.255
'0:01.175',-0.390,-0.275
'0:01.178',-0.405,-0.275
'0:01.181',-0.410,-0.280
'0:01.183',-0.390,-0.270
'0:01.186',-0.390,-0.265
'0:01.189',-0.385,-0.275
'0:01.192',-0.385,-0.285
'0:01.194',-0.410,-0.280
'0:01.197',-0.405,-0.280
'0:01.200',-0.395,-0.275
'0:01.203',-0.390,-0.275
'0:01.206',-0.375,-0.275
'0:01.208',-0.390,-0.285
'0:01.211',-0.395,-0.295
'0:01.214',-0.410,-0.295
'0:01.217',-0.400,-0.275
'0:01.219',-0.390,-0.275
'0:01.222',-0.390,-0.285
'0:01.225',-0.385,-0.290
'0:01.228',-0.405,-0.315
'0:01.231',-0.415,-0.315
'0:01.233',-0.415,-0.305
'0:01.236',-0.400,-0.290
'0:01.239',-0.395,-0.310
'0:01.242',-0.405,-0.320
'0:01.244',-0.415,-0.320
'0:01.247',-0.420,-0.335
'0:01.250',-0.420,-0.330
'0:01.253',-0.410,-0.325
'0:01.256',-0.415,-0.345
'0:01.258',-0.425,-0.350
'0:01.261',-0.420,-0.365
'0:01.264',-0.435,-0.370
'0:01.267',-0.430,-0.355
'0:01.269',-0.430,-0.360
'0:01.272',-0.420,-0.370
'0:01.275',-0.430,-0.390
'0:01.278',-0.450,-0.395
'0:01.281',-0.455,-0.400
'0:01.283',-0.450,-0.390
'0:01.286',-0.435,-0.385
'0:01.289',-0.445,-0.390
'0:01.292',-0.450,-0.400
'0:01.294',-0.455,-0.410
'0:01.297',-0.470,-0.420
'0:01.300',-0.460,-0.405
'0:01.303',-0.455,-0.410
'0:01.306',-0.450,-0.410
'0:01.308',-0.455,-0.400
'0:01.311',-0.470,-0.405
'0:01.314',-0.475,-0.390
'0:01.317',-0.460,-0.385
'0:01.319',-0.450,-0.365
'0:01.322',-0.445,-0.355
'0:01.325',-0.440,-0.345
'0:01.328',-0.435,-0.355
'0:01.331',-0.440,-0.330
'0:01.333',-0.410,-0.295
'0:01.336',-0.395,-0.275
'0:01.339',-0.370,-0.270
'0:01.342',-0.365,-0.260
'0:01.344',-0.360,-0.265
'0:01.347',-0.365,-0.265
'0:01.350',-0.340,-0.245
'0:01.353',-0.325,-0.225
'0:01.356',-0.315,-0.210
'0:01.358',-0.320,-0.215
'0:01.361',-0.330,-0.215
'0:01.364',-0.330,-0.205
'0:01.367',-0.320,-0.195
'0:01.369',-0.310,-0.185
'0:01.372',-0.300,-0.185
'0:01.375',-0.300,-0.195
'0:01.378',-0.320,-0.195
'0:01.381',-0.320,-0.195
'0:01.383',-0.315,-0.185
'0:01.386',-0.305,-0.170
'0:01.389',-0.305,-0.185
'0:01.392',-0.295,-0.195
'0:01.394',-0.320,-0.195
'0:01.397',-0.330,-0.195
'0:01.400',-0.305,-0.185
'0:01.403',-0.310,-0.175
'0:01.406',-0.300,-0.175
'0:01.408',-0.300,-0.185
'0:01.411',-0.320,-0.195
'0:01.414',-0.325,-0.195
'0:01.417',-0.310,-0.195
'0:01.419',-0.305,-0.180
'0:01.422',-0.315,-0.185
'0:01.425',-0.305,-0.190
'0:01.428',-0.315,-0.195
'0:01.431',-0.315,-0.195
'0:01.433',-0.310,-0.190
'0:01.436',-0.295,-0.185
'0:01.439',-0.290,-0.185
'0:01.442',-0.305,-0.190
'0:01.444',-0.310,-0.200
'0:01.447',-0.320,-0.215
'0:01.450',-0.315,-0.195
'0:01.453',-0.300,-0.185
'0:01.456',-0.315,-0.185
'0:01.458',-0.315,-0.185
'0:01.461',-0.315,-0.200
'0:01.464',-0.330,-0.205
'0:01.467',-0.315,-0.190
'0:01.469',-0.320,-0.190
'0:01.472',-0.315,-0.200
'0:01.475',-0.325,-0.200
'0:01.478',-0.335,-0.195
'0:01.481',-0.340,-0.220
'0:01.483',-0.335,-0.205
'0:01.486',-0.335,-0.190
'0:01.489',-0.330,-0.200
'0:01.492',-0.325,-0.220
'0:01.494',-0.345,-0.230
'0:01.497',-0.350,-0.210
'0:01.500',-0.345,-0.205
'0:01.503',-0.335,-0.200
'0:01.506',-0.330,-0.195
'0:01.508',-0.330,-0.220
'0:01.511',-0.345,-0.225
'0:01.514',-0.345,-0.225
'0:01.517',-0.345,-0.215
'0:01.519',-0.320,-0.205
'0:01.522',-0.330,-0.205
'0:01.525',-0.335,-0.215
'0:01.528',-0.340,-0.225
'0:01.531',-0.355,-0.220
'0:01.533',-0.335,-0.225
'0:01.536',-0.330,-0.195
'0:01.539',-0.330,-0.215
'0:01.542',-0.335,-0.220
'0:01.544',-0.355,-0.215
'0:01.547',-0.360,-0.225
'0:01.550',-0.355,-0.215
'0:01.553',-0.350,-0.210
'0:01.556',-0.340,-0.210
'0:01.558',-0.345,-0.225
'0:01.561',-0.345,-0.230
'0:01.564',-0.345,-0.220
'0:01.567',-0.345,-0.210
'0:01.569',-0.330,-0.205
'0:01.572',-0.330,-0.200
'0:01.575',-0.335,-0.205
'0:01.578',-0.345,-0.220
'0:01.581',-0.350,-0.230
'0:01.583',-0.350,-0.215
'0:01.586',-0.340,-0.205
'0:01.589',-0.330,-0.200
'0:01.592',-0.345,-0.230
'0:01.594',-0.345,-0.220
'0:01.597',-0.355,-0.215
'0:01.600',-0.350,-0.205
'0:01.603',-0.340,-0.200
'0:01.606',-0.330,-0.205
'0:01.608',-0.340,-0.220
'0:01.611',-0.340,-0.220
'0:01.614',-0.340,-0.225
'0:01.617',-0.330,-0.205
'0:01.619',-0.335,-0.200
'0:01.622',-0.330,-0.200
'0:01.625',-0.335,-0.210
'0:01.628',-0.345,-0.230
'0:01.631',-0.345,-0.215
'0:01.633',-0.340,-0.200
'0:01.636',-0.330,-0.200
'0:01.639',-0.315,-0.205
'0:01.642',-0.295,-0.210
'0:01.644',-0.300,-0.215
'0:01.647',-0.295,-0.220
'0:01.650',-0.285,-0.205
'0:01.653',-0.275,-0.200
'0:01.656',-0.265,-0.195
'0:01.658',-0.265,-0.205
'0:01.661',-0.265,-0.205
'0:01.664',-0.255,-0.205
'0:01.667',-0.250,-0.180
'0:01.669',-0.240,-0.170
'0:01.672',-0.225,-0.190
'0:01.675',-0.215,-0.190
'0:01.678',-0.240,-0.200
'0:01.681',-0.245,-0.185
'0:01.683',-0.240,-0.165
'0:01.686',-0.245,-0.145
'0:01.689',-0.235,-0.145
'0:01.692',-0.245,-0.170
'0:01.694',-0.250,-0.175
'0:01.697',-0.275,-0.170
'0:01.700',-0.275,-0.165
'0:01.703',-0.265,-0.150
'0:01.706',-0.250,-0.160
'0:01.708',-0.225,-0.175
'0:01.711',-0.220,-0.190
'0:01.714',-0.230,-0.190
'0:01.717',-0.265,-0.185
'0:01.719',-0.270,-0.185
'0:01.722',-0.280,-0.175
'0:01.725',-0.285,-0.195
'0:01.728',-0.305,-0.215
'0:01.731',-0.320,-0.205
'0:01.733',-0.340,-0.200
'0:01.736',-0.330,-0.195
'0:01.739',-0.335,-0.205
'0:01.742',-0.335,-0.210
'0:01.744',-0.355,-0.220
'0:01.747',-0.370,-0.215
'0:01.750',-0.360,-0.210
'0:01.753',-0.345,-0.205
'0:01.756',-0.350,-0.200
'0:01.758',-0.355,-0.210
'0:01.761',-0.365,-0.220
'0:01.764',-0.375,-0.220
'0:01.767',-0.380,-0.220
'0:01.769',-0.370,-0.200
'0:01.772',-0.365,-0.205
'0:01.775',-0.365,-0.215
'0:01.778',-0.380,-0.225
'0:01.781',-0.385,-0.220
'0:01.783',-0.380,-0.215
'0:01.786',-0.375,-0.205
'0:01.789',-0.355,-0.220
'0:01.792',-0.370,-0.225
'0:01.794',-0.390,-0.240
'0:01.797',-0.405,-0.260
'0:01.800',-0.410,-0.280
'0:01.803',-0.435,-0.300
'0:01.806',-0.465,-0.345
'0:01.808',-0.490,-0.375
'0:01.811',-0.520,-0.345
'0:01.814',-0.555,-0.260
'0:01.817',-0.570,-0.125
'0:01.819',-0.525,0.025
'0:01.822',-0.405,0.145
'0:01.825',-0.250,0.260
'0:01.828',-0.090,0.375
'0:01.831',0.120,0.505
'0:01.833',0.410,0.635
'0:01.836',0.690,0.705
'0:01.839',0.885,0.610
'0:01.842',0.960,0.320
'0:01.844',0.850,-0.045
'0:01.847',0.520,-0.250
'0:01.850',0.050,-0.270
'0:01.853',-0.320,-0.240
'0:01.856',-0.500,-0.240
'0:01.858',-0.505,-0.250
'0:01.861',-0.445,-0.255
'0:01.864',-0.415,-0.245
'0:01.867',-0.395,-0.245
'0:01.869',-0.390,-0.245
'0:01.872',-0.395,-0.255
'0:01.875',-0.390,-0.260
'0:01.878',-0.395,-0.260
'0:01.881',-0.405,-0.270
'0:01.883',-0.395,-0.245
'0:01.886',-0.405,-0.245
'0:01.889',-0.390,-0.250
'0:01.892',-0.395,-0.265
'0:01.894',-0.395,-0.270
'0:01.897',-0.410,-0.270
'0:01.900',-0.405,-0.265
'0:01.903',-0.400,-0.260
'0:01.906',-0.400,-0.260
'0:01.908',-0.415,-0.270
'0:01.911',-0.405,-0.280
'0:01.914',-0.420,-0.280
'0:01.917',-0.415,-0.270
'0:01.919',-0.405,-0.255
'0:01.922',-0.405,-0.265
'0:01.925',-0.420,-0.280
'0:01.928',-0.420,-0.290
'0:01.931',-0.435,-0.275
'0:01.933',-0.420,-0.265
'0:01.936',-0.410,-0.255
'0:01.939',-0.410,-0.260
'0:01.942',-0.405,-0.260
'0:01.944',-0.425,-0.280
'0:01.947',-0.430,-0.280
'0:01.950',-0.420,-0.265
'0:01.953',-0.415,-0.260
'0:01.956',-0.410,-0.255
'0:01.958',-0.410,-0.260
'0:01.961',-0.425,-0.275
'0:01.964',-0.420,-0.270
'0:01.967',-0.400,-0.275
'0:01.969',-0.395,-0.265
'0:01.972',-0.400,-0.265
'0:01.975',-0.400,-0.270
'0:01.978',-0.395,-0.280
'0:01.981',-0.415,-0.285
'0:01.983',-0.405,-0.280
'0:01.986',-0.390,-0.255
'0:01.989',-0.400,-0.270
'0:01.992',-0.400,-0.280
'0:01.994',-0.415,-0.290
'0:01.997',-0.425,-0.290
'0:02.000',-0.425,-0.270
'0:02.003',-0.415,-0.270
'0:02.006',-0.415,-0.285
'0:02.008',-0.410,-0.300
'0:02.011',-0.425,-0.300
'0:02.014',-0.425,-0.300
'0:02.017',-0.420,-0.295
'0:02.019',-0.415,-0.275
'0:02.022',-0.400,-0.295
'0:02.025',-0.400,-0.300
'0:02.028',-0.410,-0.310
'0:02.031',-0.425,-0.310
'0:02.033',-0.410,-0.315
'0:02.036',-0.405,-0.310
'0:02.039',-0.395,-0.310
'0:02.042',-0.400,-0.335
'0:02.044',-0.400,-0.345
'0:02.047',-0.405,-0.355
'0:02.050',-0.385,-0.350
'0:02.053',-0.400,-0.345
'0:02.056',-0.390,-0.360
'0:02.058',-0.390,-0.370
'0:02.061',-0.400,-0.375
'0:02.064',-0.415,-0.385
'0:02.067',-0.405,-0.370
'0:02.069',-0.405,-0.370
'0:02.072',-0.410,-0.385
'0:02.075',-0.415,-0.400
'0:02.078',-0.420,-0.415
'0:02.081',-0.420,-0.405
'0:02.083',-0.425,-0.410
'0:02.086',-0.415,-0.390
'0:02.089',-0.415,-0.405
'0:02.092',-0.410,-0.410
'0:02.094',-0.435,-0.425
'0:02.097',-0.430,-0.420
'0:02.100',-0.435,-0.410
'0:02.103',-0.420,-0.405
'0:02.106',-0.420,-0.400
'0:02.108',-0.420,-0.400
'0:02.111',-0.420,-0.405
'0:02.114',-0.425,-0.385
'0:02.117',-0.425,-0.365
'0:02.119',-0.415,-0.345
'0:02.122',-0.395,-0.335
'0:02.125',-0.395,-0.325
'0:02.128',-0.390,-0.310
'0:02.131',-0.375,-0.295
'0:02.133',-0.360,-0.275
'0:02.136',-0.340,-0.255
'0:02.139',-0.335,-0.250
'0:02.142',-0.330,-0.240
'0:02.144',-0.335,-0.245
'0:02.147',-0.335,-0.230
'0:02.150',-0.325,-0.205
'0:02.153',-0.320,-0.200
'0:02.156',-0.305,-0.200
'0:02.158',-0.305,-0.205
'0:02.161',-0.315,-0.210
'0:02.164',-0.310,-0.220
'0:02.167',-0.305,-0.195
'0:02.169',-0.300,-0.190
'0:02.172',-0.300,-0.200
'0:02.175',-0.300,-0.200
'0:02.178',-0.310,-0.210
'0:02.181',-0.310,-0.200
'0:02.183',-0.310,-0.190
'0:02.186',-0.315,-0.175
'0:02.189',-0.300,-0.200
'0:02.192',-0.305,-0.205
'0:02.194',-0.315,-0.210
'0:02.197',-0.320,-0.200
'0:02.200',-0.325,-0.200
'0:02.203',-0.310,-0.180
'0:02.206',-0.305,-0.190
'0:02.208',-0.305,-0.190
'0:02.211',-0.320,-0.205
'0:02.214',-0.325,-0.205
'0:02.217',-0.305,-0.195
'0:02.219',-0.310,-0.185
'0:02.222',-0.295,-0.190
'0:02.225',-0.310,-0.190
'0:02.228',-0.325,-0.210
'0:02.231',-0.330,-0.210
'0:02.233',-0.320,-0.205
'0:02.236',-0.320,-0.205
'0:02.239',-0.320,-0.200
'0:02.242',-0.325,-0.215
'0:02.244',-0.350,-0.225
'0:02.247',-0.350,-0.210
'0:02.250',-0.340,-0.210
'0:02.253',-0.335,-0.210
'0:02.256',-0.330,-0.215
'0:02.258',-0.335,-0.225
'0:02.261',-0.340,-0.225
'0:02.264',-0.360,-0.230
'0:02.267',-0.350,-0.210
'0:02.269',-0.350,-0.210
'0:02.272',-0.355,-0.230
'0:02.275',-0.360,-0.250
'0:02.278',-0.355,-0.250
'0:02.281',-0.365,-0.245
'0:02.283',-0.355,-0.230
'0:02.286',-0.350,-0.215
'0:02.289',-0.340,-0.230
'0:02.292',-0.355,-0.240
'0:02.294',-0.350,-0.245
'0:02.297',-0.365,-0.245
'0:02.300',-0.365,-0.240
'0:02.303',-0.350,-0.215
'0:02.306',-0.355,-0.225
'0:02.308',-0.350,-0.240
'0:02.311',-0.370,-0.240
'0:02.314',-0.380,-0.245
'0:02.317',-0.370,-0.240
'0:02.319',-0.360,-0.230
'0:02.322',-0.365,-0.235
'0:02.325',-0.360,-0.240
'0:02.328',-0.365,-0.230
'0:02.331',-0.380,-0.250
'0:02.333',-0.370,-0.225
'0:02.336',-0.365,-0.215
'0:02.339',-0.350,-0.230
'0:02.342',-0.350,-0.240
'0:02.344',-0.350,-0.250
'0:02.347',-0.370,-0.265
'0:02.350',-0.365,-0.230
'0:02.353',-0.345,-0.220
'0:02.356',-0.345,-0.235
'0:02.358',-0.340,-0.225
'0:02.361',-0.355,-0.235
'0:02.364',-0.365,-0.235
'0:02.367',-0.360,-0.225
'0:02.369',-0.355,-0.225
'0:02.372',-0.355,-0.215
'0:02.375',-0.355,-0.225
'0:02.378',-0.375,-0.235
'0:02.381',-0.385,-0.230
'0:02.383',-0.355,-0.225
'0:02.386',-0.360,-0.225
'0:02.389',-0.355,-0.225
'0:02.392',-0.360,-0.225
'0:02.394',-0.360,-0.230
'0:02.397',-0.370,-0.230
'0:02.400',-0.360,-0.215
'0:02.403',-0.345,-0.210
'0:02.406',-0.355,-0.225
'0:02.408',-0.345,-0.240
'0:02.411',-0.345,-0.235
'0:02.414',-0.345,-0.240
'0:02.417',-0.340,-0.225
'0:02.419',-0.310,-0.215
'0:02.422',-0.305,-0.220
'0:02.425',-0.305,-0.220
'0:02.428',-0.310,-0.230
'0:02.431',-0.305,-0.230
'0:02.433',-0.290,-0.205
'0:02.436',-0.285,-0.200
'0:02.439',-0.275,-0.205
'0:02.442',-0.280,-0.195
'0:02.444',-0.280,-0.210
'0:02.447',-0.275,-0.205
'0:02.450',-0.265,-0.190
'0:02.453',-0.255,-0.185
'0:02.456',-0.245,-0.200
'0:02.458',-0.260,-0.195
'0:02.461',-0.265,-0.200
'0:02.464',-0.275,-0.190
'0:02.467',-0.280,-0.170
'0:02.469',-0.265,-0.140
'0:02.472',-0.270,-0.165
'0:02.475',-0.275,-0.165
'0:02.478',-0.280,-0.185
'0:02.481',-0.275,-0.180
'0:02.483',-0.280,-0.170
'0:02.486',-0.275,-0.150
'0:02.489',-0.265,-0.165
'0:02.492',-0.255,-0.180
'0:02.494',-0.240,-0.200
'0:02.497',-0.260,-0.210
'0:02.500',-0.280,-0.210
'0:02.503',-0.310,-0.185
'0:02.506',-0.310,-0.190
'0:02.508',-0.345,-0.200
'0:02.511',-0.360,-0.215
'0:02.514',-0.380,-0.220
'0:02.517',-0.385,-0.210
'0:02.519',-0.380,-0.195
'0:02.522',-0.370,-0.205
'0:02.525',-0.375,-0.220
'0:02.528',-0.385,-0.225
'0:02.531',-0.390,-0.230
'0:02.533',-0.395,-0.220
'0:02.536',-0.385,-0.210
'0:02.539',-0.385,-0.210
'0:02.542',-0.385,-0.230
'0:02.544',-0.395,-0.235
'0:02.547',-0.405,-0.230
'0:02.550',-0.400,-0.225
'0:02.553',-0.375,-0.215
'0:02.556',-0.375,-0.220
'0:02.558',-0.390,-0.220
'0:02.561',-0.395,-0.230
'0:02.564',-0.415,-0.240
'0:02.567',-0.405,-0.220
'0:02.569',-0.400,-0.225
'0:02.572',-0.390,-0.235
'0:02.575',-0.405,-0.250
'0:02.578',-0.425,-0.280
'0:02.581',-0.460,-0.305
'0:02.583',-0.475,-0.325
'0:02.586',-0.505,-0.345
'0:02.589',-0.510,-0.375
'0:02.592',-0.525,-0.415
'0:02.594',-0.540,-0.425
'0:02.597',-0.600,-0.385
'0:02.600',-0.645,-0.295
'0:02.603',-0.630,-0.180
'0:02.606',-0.575,-0.065
'0:02.608',-0.495,0.035
'0:02.611',-0.385,0.130
'0:02.614',-0.270,0.240
'0:02.617',-0.115,0.370
'0:02.619',0.090,0.495
'0:02.622',0.370,0.610
'0:02.625',0.635,0.655
'0:02.628',0.810,0.545
'0:02.631',0.860,0.230
'0:02.633',0.770,-0.105
'0:02.636',0.475,-0.280
'0:02.639',0.065,-0.285
'0:02.642',-0.305,-0.255
'0:02.644',-0.500,-0.255
'0:02.647',-0.520,-0.260
'0:02.650',-0.475,-0.230
'0:02.653',-0.410,-0.220
'0:02.656',-0.390,-0.245
'0:02.658',-0.390,-0.255
'0:02.661',-0.400,-0.260
'0:02.664',-0.410,-0.250
'0:02.667',-0.405,-0.235
'0:02.669',-0.385,-0.245
'0:02.672',-0.390,-0.245
'0:02.675',-0.395,-0.260
'0:02.678',-0.405,-0.265
'0:02.681',-0.410,-0.265
'0:02.683',-0.405,-0.260
'0:02.686',-0.400,-0.240
'0:02.689',-0.390,-0.245
'0:02.692',-0.395,-0.260
'0:02.694',-0.410,-0.270
'0:02.697',-0.415,-0.270
'0:02.700',-0.410,-0.255
'0:02.703',-0.395,-0.255
'0:02.706',-0.405,-0.250
'0:02.708',-0.410,-0.265
'0:02.711',-0.405,-0.270
'0:02.714',-0.405,-0.270
'0:02.717',-0.410,-0.265
'0:02.719',-0.390,-0.250
'0:02.722',-0.385,-0.245
'0:02.725',-0.390,-0.265
'0:02.728',-0.395,-0.270
'0:02.731',-0.400,-0.260
'0:02.733',-0.400,-0.255
'0:02.736',-0.400,-0.245
'0:02.739',-0.395,-0.250
'0:02.742',-0.395,-0.260
'0:02.744',-0.405,-0.270
'0:02.747',-0.405,-0.260
'0:02.750',-0.400,-0.255
'0:02.753',-0.395,-0.250
'0:02.756',-0.385,-0.255
'0:02.758',-0.375,-0.255
'0:02.761',-0.385,-0.275
'0:02.764',-0.395,-0.270
'0:02.767',-0.390,-0.265
'0:02.769',-0.385,-0.260
'0:02.772',-0.375,-0.260
'0:02.775',-0.385,-0.275
'0:02.778',-0.395,-0.270
'0:02.781',-0.395,-0.260
'0:02.783',-0.385,-0.245
'0:02.786',-0.375,-0.255
'0:02.789',-0.375,-0.265
'0:02.792',-0.385,-0.265
'0:02.794',-0.395,-0.270
'0:02.797',-0.390,-0.265
'0:02.800',-0.390,-0.260
'0:02.803',-0.365,-0.270
'0:02.806',-0.375,-0.265
'0:02.808',-0.385,-0.270
'0:02.811',-0.395,-0.280
'0:02.814',-0.380,-0.285
'0:02.817',-0.385,-0.280
'0:02.819',-0.375,-0.285
'0:02.822',-0.380,-0.290
'0:02.825',-0.390,-0.310
'0:02.828',-0.380,-0.305
'0:02.831',-0.375,-0.300
'0:02.833',-0.375,-0.300
'0:02.836',-0.375,-0.310
'0:02.839',-0.375,-0.325
'0:02.842',-0.380,-0.340
'0:02.844',-0.390,-0.340
'0:02.847',-0.390,-0.325
'0:02.850',-0.365,-0.320
'0:02.853',-0.370,-0.355
'0:02.856',-0.375,-0.360
'0:02.858',-0.385,-0.380
'0:02.861',-0.390,-0.385
'0:02.864',-0.390,-0.375
'0:02.867',-0.375,-0.365
'0:02.869',-0.365,-0.375
'0:02.872',-0.385,-0.385
'0:02.875',-0.380,-0.390
'0:02.878',-0.390,-0.395
'0:02.881',-0.375,-0.385
'0:02.883',-0.375,-0.375
'0:02.886',-0.365,-0.375
'0:02.889',-0.370,-0.375
'0:02.892',-0.385,-0.380
'0:02.894',-0.395,-0.365
'0:02.897',-0.385,-0.345
'0:02.900',-0.385,-0.335
'0:02.903',-0.370,-0.315
'0:02.906',-0.365,-0.310
'0:02.908',-0.370,-0.305
'0:02.911',-0.375,-0.290
'0:02.914',-0.350,-0.270
'0:02.917',-0.335,-0.255
'0:02.919',-0.320,-0.250
'0:02.922',-0.315,-0.245
'0:02.925',-0.320,-0.235
'0:02.928',-0.325,-0.235
'0:02.931',-0.315,-0.225
'0:02.933',-0.295,-0.220
'0:02.936',-0.285,-0.195
'0:02.939',-0.300,-0.215
'0:02.942',-0.295,-0.230
'0:02.944',-0.285,-0.215
'0:02.947',-0.285,-0.205
'0:02.950',-0.280,-0.195
'0:02.953',-0.270,-0.200
'0:02.956',-0.280,-0.195
'0:02.958',-0.290,-0.195
'0:02.961',-0.295,-0.205
'0:02.964',-0.295,-0.195
'0:02.967',-0.290,-0.180
'0:02.969',-0.280,-0.190
'0:02.972',-0.290,-0.205
'0:02.975',-0.295,-0.210
'0:02.978',-0.310,-0.205
'0:02.981',-0.295,-0.180
'0:02.983',-0.285,-0.185
'0:02.986',-0.280,-0.190
'0:02.989',-0.275,-0.205
'0:02.992',-0.295,-0.215
'0:02.994',-0.305,-0.215
'0:02.997',-0.300,-0.215
'0:03.000',-0.295,-0.190
'0:03.003',-0.295,-0.210
'0:03.006',-0.285,-0.200
'0:03.008',-0.300,-0.215
'0:03.011',-0.305,-0.220
'0:03.014',-0.300,-0.225
'0:03.017',-0.295,-0.215
'0:03.019',-0.300,-0.215
'0:03.022',-0.305,-0.230
'0:03.025',-0.315,-0.225
'0:03.028',-0.310,-0.225
'0:03.031',-0.315,-0.210
'0:03.033',-0.295,-0.210
'0:03.036',-0.300,-0.215
'0:03.039',-0.310,-0.230
'0:03.042',-0.330,-0.235
'0:03.044',-0.340,-0.230
'0:03.047',-0.330,-0.220
'0:03.050',-0.320,-0.215
'0:03.053',-0.320,-0.230
'0:03.056',-0.315,-0.235
'0:03.058',-0.325,-0.250
'0:03.061',-0.335,-0.245
'0:03.064',-0.330,-0.240
'0:03.067',-0.315,-0.220
'0:03.069',-0.320,-0.230
'0:03.072',-0.320,-0.230
'0:03.075',-0.330,-0.235
'0:03.078',-0.345,-0.240
'0:03.081',-0.340,-0.235
'0:03.083',-0.335,-0.220
'0:03.086',-0.330,-0.230
'0:03.089',-0.335,-0.240
'0:03.092',-0.345,-0.255
'0:03.094',-0.350,-0.245
'0:03.097',-0.345,-0.235
'0:03.100',-0.340,-0.220
'0:03.103',-0.335,-0.230
'0:03.106',-0.335,-0.240
'0:03.108',-0.330,-0.250
'0:03.111',-0.335,-0.255
'0:03.114',-0.340,-0.240
'0:03.117',-0.335,-0.225
'0:03.119',-0.320,-0.230
'0:03.122',-0.340,-0.235
'0:03.125',-0.340,-0.240
'0:03.128',-0.350,-0.245
'0:03.131',-0.365,-0.235
'0:03.133',-0.360,-0.230
'0:03.136',-0.345,-0.235
'0:03.139',-0.345,-0.240
'0:03.142',-0.350,-0.245
'0:03.144',-0.350,-0.235
'0:03.147',-0.350,-0.235
'0:03.150',-0.340,-0.230
'0:03.153',-0.340,-0.240
'0:03.156',-0.345,-0.235
'0:03.158',-0.345,-0.245
'0:03.161',-0.380,-0.250
'0:03.164',-0.360,-0.230
'0:03.167',-0.360,-0.210
'0:03.169',-0.345,-0.230
'0:03.172',-0.345,-0.235
'0:03.175',-0.350,-0.245
'0:03.178',-0.355,-0.250
'0:03.181',-0.345,-0.245
'0:03.183',-0.330,-0.230
'0:03.186',-0.330,-0.230
'0:03.189',-0.335,-0.235
'0:03.192',-0.335,-0.250
'0:03.194',-0.340,-0.250
'0:03.197',-0.330,-0.240
'0:03.200',-0.320,-0.225
'0:03.203',-0.290,-0.230
'0:03.206',-0.290,-0.235
'0:03.208',-0.300,-0.240
'0:03.211',-0.305,-0.245
'0:03.214',-0.285,-0.240
'0:03.217',-0.280,-0.225
'0:03.219',-0.275,-0.225
'0:03.222',-0.280,-0.230
'0:03.225',-0.275,-0.230
'0:03.228',-0.270,-0.225
'0:03.231',-0.265,-0.205
'0:03.233',-0.250,-0.210
'0:03.236',-0.230,-0.220
'0:03.239',-0.245,-0.205
'0:03.242',-0.240,-0.220
'0:03.244',-0.255,-0.220
'0:03.247',-0.255,-0.210
'0:03.250',-0.245,-0.190
'0:03.253',-0.235,-0.180
'0:03.256',-0.255,-0.180
'0:03.258',-0.265,-0.185
'0:03.261',-0.260,-0.190
'0:03.264',-0.255,-0.190
'0:03.267',-0.270,-0.185
'0:03.269',-0.265,-0.205
'0:03.272',-0.280,-0.200
'0:03.275',-0.255,-0.220
'0:03.278',-0.250,-0.220
'0:03.281',-0.245,-0.220
'0:03.283',-0.265,-0.210
'0:03.286',-0.280,-0.225
'0:03.289',-0.300,-0.220
'0:03.292',-0.315,-0.240
'0:03.294',-0.325,-0.245
'0:03.297',-0.335,-0.235
'0:03.300',-0.345,-0.230
'0:03.303',-0.330,-0.245
'0:03.306',-0.335,-0.245
'0:03.308',-0.345,-0.250
'0:03.311',-0.360,-0.255
'0:03.314',-0.350,-0.230
'0:03.317',-0.340,-0.225
'0:03.319',-0.335,-0.230
'0:03.322',-0.345,-0.245
'0:03.325',-0.360,-0.255
'0:03.328',-0.365,-0.265
'0:03.331',-0.375,-0.255
'0:03.333',-0.370,-0.245
'0:03.336',-0.365,-0.260
'0:03.339',-0.365,-0.250
'0:03.342',-0.380,-0.260
'0:03.344',-0.375,-0.270
'0:03.347',-0.375,-0.240
'0:03.350',-0.365,-0.245
'0:03.353',-0.370,-0.250
'0:03.356',-0.360,-0.250
'0:03.358',-0.370,-0.250
'0:03.361',-0.380,-0.265
'0:03.364',-0.365,-0.255
'0:03.367',-0.360,-0.245
'0:03.369',-0.350,-0.255
'0:03.372',-0.355,-0.265
'0:03.375',-0.370,-0.280
'0:03.378',-0.385,-0.305
'0:03.381',-0.395,-0.320
'0:03.383',-0.430,-0.350
'0:03.386',-0.445,-0.380
'0:03.389',-0.485,-0.390
'0:03.392',-0.515,-0.345
'0:03.394',-0.565,-0.240
'0:03.397',-0.555,-0.110
'0:03.400',-0.475,-0.020
'0:03.403',-0.355,0.040
'0:03.406',-0.220,0.110
'0:03.408',-0.055,0.220
'0:03.411',0.185,0.350
'0:03.414',0.475,0.440
'0:03.417',0.705,0.395
'0:03.419',0.820,0.155
'0:03.422',0.780,-0.170
'0:03.425',0.535,-0.380
'0:03.428',0.145,-0.410
'0:03.431',-0.200,-0.355
'0:03.433',-0.420,-0.320
'0:03.436',-0.500,-0.305
'0:03.439',-0.480,-0.300
'0:03.442',-0.450,-0.295
'0:03.444',-0.410,-0.295
'0:03.447',-0.400,-0.285
'0:03.450',-0.390,-0.300
'0:03.453',-0.390,-0.310
'0:03.456',-0.400,-0.305
'0:03.458',-0.405,-0.305
'0:03.461',-0.425,-0.295
'0:03.464',-0.425,-0.270
'0:03.467',-0.405,-0.270
'0:03.469',-0.395,-0.285
'0:03.472',-0.405,-0.305
'0:03.475',-0.405,-0.310
'0:03.478',-0.415,-0.300
'0:03.481',-0.405,-0.290
'0:03.483',-0.385,-0.275
'0:03.486',-0.390,-0.285
'0:03.489',-0.395,-0.285
'0:03.492',-0.395,-0.305
'0:03.494',-0.395,-0.290
'0:03.497',-0.395,-0.290
'0:03.500',-0.385,-0.285
'0:03.503',-0.390,-0.285
'0:03.506',-0.390,-0.290
'0:03.508',-0.400,-0.300
'0:03.511',-0.425,-0.295
'0:03.514',-0.410,-0.285
'0:03.517',-0.400,-0.275
'0:03.519',-0.395,-0.290
'0:03.522',-0.400,-0.295
'0:03.525',-0.405,-0.275
'0:03.528',-0.425,-0.285
'0:03.531',-0.415,-0.285
'0:03.533',-0.405,-0.260
'0:03.536',-0.405,-0.270
'0:03.539',-0.405,-0.265
'0:03.542',-0.410,-0.285
'0:03.544',-0.415,-0.290
'0:03.547',-0.405,-0.295
'0:03.550',-0.420,-0.280
'0:03.553',-0.405,-0.290
'0:03.556',-0.410,-0.295
'0:03.558',-0.410,-0.300
'0:03.561',-0.420,-0.310
'0:03.564',-0.415,-0.305
'0:03.567',-0.405,-0.295
'0:03.569',-0.395,-0.300
'0:03.572',-0.395,-0.280
'0:03.575',-0.395,-0.290
'0:03.578',-0.400,-0.305
'0:03.581',-0.395,-0.290
'0:03.583',-0.395,-0.285
'0:03.586',-0.405,-0.305
'0:03.589',-0.405,-0.310
'0:03.592',-0.420,-0.315
'0:03.594',-0.435,-0.305
'0:03.597',-0.415,-0.295
'0:03.600',-0.405,-0.290
'0:03.603',-0.395,-0.295
'0:03.606',-0.390,-0.300
'0:03.608',-0.415,-0.305
'0:03.611',-0.405,-0.325
'0:03.614',-0.405,-0.310
'0:03.617',-0.400,-0.300
'0:03.619',-0.395,-0.310
'0:03.622',-0.395,-0.335
'0:03.625',-0.405,-0.340
'0:03.628',-0.420,-0.350
'0:03.631',-0.415,-0.355
'0:03.633',-0.400,-0.340
'0:03.636',-0.395,-0.350
'0:03.639',-0.400,-0.365
'0:03.642',-0.405,-0.380
'0:03.644',-0.425,-0.400
'0:03.647',-0.425,-0.385
'0:03.650',-0.425,-0.380
'0:03.653',-0.420,-0.390
'0:03.656',-0.425,-0.400
'0:03.658',-0.450,-0.405
'0:03.661',-0.445,-0.405
'0:03.664',-0.450,-0.405
'0:03.667',-0.435,-0.415
'0:03.669',-0.445,-0.415
'0:03.672',-0.470,-0.420
'0:03.675',-0.455,-0.415
'0:03.678',-0.460,-0.425
'0:03.681',-0.440,-0.410
'0:03.683',-0.435,-0.395
'0:03.686',-0.425,-0.385
'0:03.689',-0.430,-0.405
'0:03.692',-0.445,-0.395
'0:03.694',-0.450,-0.395
'0:03.697',-0.445,-0.375
'0:03.700',-0.430,-0.370
'0:03.703',-0.420,-0.375
'0:03.706',-0.410,-0.375
'0:03.708',-0.425,-0.370
'0:03.711',-0.420,-0.360
'0:03.714',-0.405,-0.345
'0:03.717',-0.380,-0.320
'0:03.719',-0.370,-0.305
'0:03.722',-0.365,-0.305
'0:03.725',-0.365,-0.300
'0:03.728',-0.365,-0.285
'0:03.731',-0.345,-0.275
'0:03.733',-0.330,-0.260
'0:03.736',-0.315,-0.245
'0:03.739',-0.305,-0.245
'0:03.742',-0.305,-0.250
'0:03.744',-0.320,-0.255
'0:03.747',-0.310,-0.245
'0:03.750',-0.310,-0.230
'0:03.753',-0.305,-0.235
'0:03.756',-0.310,-0.245
'0:03.758',-0.315,-0.255
'0:03.761',-0.320,-0.255
'0:03.764',-0.315,-0.225
'0:03.767',-0.305,-0.230
'0:03.769',-0.305,-0.235
'0:03.772',-0.295,-0.240
'0:03.775',-0.310,-0.250
'0:03.778',-0.320,-0.245
'0:03.781',-0.310,-0.225
'0:03.783',-0.315,-0.215
'0:03.786',-0.295,-0.220
'0:03.789',-0.300,-0.240
'0:03.792',-0.305,-0.250
'0:03.794',-0.300,-0.255
'0:03.797',-0.285,-0.245
'0:03.800',-0.280,-0.240
'0:03.803',-0.290,-0.235
'0:03.806',-0.295,-0.245
'0:03.808',-0.305,-0.255
'0:03.811',-0.325,-0.250
'0:03.814',-0.305,-0.235
'0:03.817',-0.300,-0.230
'0:03.819',-0.300,-0.250
'0:03.822',-0.315,-0.260
'0:03.825',-0.325,-0.275
'0:03.828',-0.335,-0.280
'0:03.831',-0.325,-0.275
'0:03.833',-0.315,-0.260
'0:03.836',-0.320,-0.270
'0:03.839',-0.335,-0.255
'0:03.842',-0.330,-0.265
'0:03.844',-0.340,-0.255
'0:03.847',-0.325,-0.265
'0:03.850',-0.325,-0.260
'0:03.853',-0.320,-0.265
'0:03.856',-0.315,-0.265
'0:03.858',-0.335,-0.275
'0:03.861',-0.335,-0.270
'0:03.864',-0.345,-0.265
'0:03.867',-0.335,-0.255
'0:03.869',-0.325,-0.255
'0:03.872',-0.330,-0.265
'0:03.875',-0.315,-0.275
'0:03.878',-0.335,-0.290
'0:03.881',-0.330,-0.275
'0:03.883',-0.330,-0.260
'0:03.886',-0.330,-0.270
'0:03.889',-0.330,-0.265
'0:03.892',-0.335,-0.270
'0:03.894',-0.340,-0.265
'0:03.897',-0.330,-0.265
'0:03.900',-0.320,-0.250
'0:03.903',-0.315,-0.265
'0:03.906',-0.325,-0.265
'0:03.908',-0.335,-0.270
'0:03.911',-0.355,-0.270
'0:03.914',-0.345,-0.265
'0:03.917',-0.340,-0.255
'0:03.919',-0.335,-0.260
'0:03.922',-0.320,-0.255
'0:03.925',-0.325,-0.270
'0:03.928',-0.350,-0.270
'0:03.931',-0.330,-0.285
'0:03.933',-0.315,-0.265
'0:03.936',-0.315,-0.260
'0:03.939',-0.330,-0.265
'0:03.942',-0.330,-0.270
'0:03.944',-0.335,-0.265
'0:03.947',-0.335,-0.260
'0:03.950',-0.330,-0.250
'0:03.953',-0.330,-0.265
'0:03.956',-0.330,-0.265
'0:03.958',-0.340,-0.270
'0:03.961',-0.340,-0.265
'0:03.964',-0.340,-0.255
'0:03.967',-0.325,-0.245
'0:03.969',-0.325,-0.255
'0:03.972',-0.325,-0.275
'0:03.975',-0.345,-0.275
'0:03.978',-0.350,-0.275
'0:03.981',-0.340,-0.255
'0:03.983',-0.330,-0.255
'0:03.986',-0.320,-0.260
'0:03.989',-0.310,-0.265
'0:03.992',-0.305,-0.285
'0:03.994',-0.305,-0.280
'0:03.997',-0.275,-0.265
'0:04.000',-0.270,-0.260
'0:04.003',-0.255,-0.255
'0:04.006',-0.260,-0.250
'0:04.008',-0.265,-0.255
'0:04.011',-0.260,-0.250
'0:04.014',-0.250,-0.240
'0:04.017',-0.235,-0.230
'0:04.019',-0.235,-0.235
'0:04.022',-0.220,-0.225
'0:04.025',-0.235,-0.235
'0:04.028',-0.235,-0.240
'0:04.031',-0.220,-0.225
'0:04.033',-0.230,-0.215
'0:04.036',-0.225,-0.235
'0:04.039',-0.235,-0.230
'0:04.042',-0.245,-0.225
'0:04.044',-0.255,-0.215
'0:04.047',-0.240,-0.205
'0:04.050',-0.230,-0.200
'0:04.053',-0.230,-0.210
'0:04.056',-0.250,-0.225
'0:04.058',-0.255,-0.230
'0:04.061',-0.250,-0.225
'0:04.064',-0.230,-0.215
'0:04.067',-0.205,-0.210
'0:04.069',-0.195,-0.235
'0:04.072',-0.210,-0.240
'0:04.075',-0.230,-0.255
'0:04.078',-0.270,-0.245
'0:04.081',-0.270,-0.235
'0:04.083',-0.285,-0.230
'0:04.086',-0.285,-0.235
'0:04.089',-0.310,-0.245
'0:04.092',-0.330,-0.270
'0:04.094',-0.340,-0.260
'0:04.097',-0.340,-0.250
'0:04.100',-0.345,-0.240
'0:04.103',-0.350,-0.240
'0:04.106',-0.350,-0.255
'0:04.108',-0.340,-0.260
'0:04.111',-0.355,-0.265
'0:04.114',-0.345,-0.255
'0:04.117',-0.340,-0.245
'0:04.119',-0.340,-0.245
'0:04.122',-0.345,-0.260
'0:04.125',-0.355,-0.255
'0:04.128',-0.370,-0.260
'0:04.131',-0.355,-0.255
'0:04.133',-0.370,-0.240
'0:04.136',-0.345,-0.240
'0:04.139',-0.340,-0.260
'0:04.142',-0.360,-0.260
'0:04.144',-0.380,-0.250
'0:04.147',-0.360,-0.240
'0:04.150',-0.345,-0.235
'0:04.153',-0.350,-0.240
'0:04.156',-0.350,-0.255
'0:04.158',-0.355,-0.270
'0:04.161',-0.380,-0.285
'0:04.164',-0.390,-0.290
'0:04.167',-0.395,-0.310
'0:04.169',-0.425,-0.330
'0:04.172',-0.455,-0.365
'0:04.175',-0.475,-0.370
'0:04.178',-0.510,-0.350
'0:04.181',-0.545,-0.260
'0:04.183',-0.540,-0.135
'0:04.186',-0.495,-0.020
'0:04.189',-0.405,0.035
'0:04.192',-0.295,0.095
'0:04.194',-0.160,0.185
'0:04.197',0.040,0.315
'0:04.200',0.315,0.450
'0:04.203',0.595,0.515
'0:04.206',0.800,0.450
'0:04.208',0.885,0.175
'0:04.211',0.795,-0.180
'0:04.214',0.520,-0.385
'0:04.217',0.130,-0.395
'0:04.219',-0.215,-0.345
'0:04.222',-0.425,-0.310
'0:04.225',-0.500,-0.290
'0:04.228',-0.490,-0.275
'0:04.231',-0.450,-0.265
'0:04.233',-0.400,-0.235
'0:04.236',-0.390,-0.250
'0:04.239',-0.395,-0.265
'0:04.242',-0.395,-0.255
'0:04.244',-0.400,-0.245
'0:04.247',-0.390,-0.240
'0:04.250',-0.380,-0.240
'0:04.253',-0.385,-0.250
'0:04.256',-0.385,-0.260
'0:04.258',-0.400,-0.265
'0:04.261',-0.410,-0.275
'0:04.264',-0.410,-0.255
'0:04.267',-0.390,-0.240
'0:04.269',-0.390,-0.245
'0:04.272',-0.405,-0.260
'0:04.275',-0.405,-0.260
'0:04.278',-0.415,-0.265
'0:04.281',-0.410,-0.250
'0:04.283',-0.395,-0.250
'0:04.286',-0.395,-0.245
'0:04.289',-0.400,-0.250
'0:04.292',-0.415,-0.265
'0:04.294',-0.415,-0.255
'0:04.297',-0.415,-0.250
'0:04.300',-0.400,-0.245
'0:04.303',-0.390,-0.245
'0:04.306',-0.390,-0.255
'0:04.308',-0.410,-0.260
'0:04.311',-0.415,-0.250
'0:04.314',-0.405,-0.240
'0:04.317',-0.395,-0.215
'0:04.319',-0.395,-0.230
'0:04.322',-0.395,-0.250
'0:04.325',-0.405,-0.250
'0:04.328',-0.410,-0.255
'0:04.331',-0.410,-0.240
'0:04.333',-0.400,-0.220
'0:04.336',-0.390,-0.235
'0:04.339',-0.395,-0.235
'0:04.342',-0.410,-0.240
'0:04.344',-0.425,-0.255
'0:04.347',-0.415,-0.245
'0:04.350',-0.405,-0.225
'0:04.353',-0.410,-0.230
'0:04.356',-0.405,-0.235
'0:04.358',-0.415,-0.240
'0:04.361',-0.425,-0.240
'0:04.364',-0.425,-0.240
'0:04.367',-0.410,-0.230
'0:04.369',-0.395,-0.245
'0:04.372',-0.390,-0.255
'0:04.375',-0.400,-0.250
'0:04.378',-0.410,-0.250
'0:04.381',-0.410,-0.235
'0:04.383',-0.400,-0.240
'0:04.386',-0.390,-0.235
'0:04.389',-0.410,-0.255
'0:04.392',-0.420,-0.255
'0:04.394',-0.420,-0.255
'0:04.397',-0.415,-0.250
'0:04.400',-0.415,-0.235
'0:04.403',-0.405,-0.260
'0:04.406',-0.420,-0.255
'0:04.408',-0.415,-0.270
'0:04.411',-0.425,-0.285
'0:04.414',-0.410,-0.285
'0:04.417',-0.400,-0.280
'0:04.419',-0.405,-0.285
'0:04.422',-0.400,-0.285
'0:04.425',-0.400,-0.305
'0:04.428',-0.410,-0.295
'0:04.431',-0.400,-0.285
'0:04.433',-0.395,-0.290
'0:04.436',-0.395,-0.305
'0:04.439',-0.405,-0.320
'0:04.442',-0.410,-0.335
'0:04.444',-0.425,-0.340
'0:04.447',-0.425,-0.315
'0:04.450',-0.410,-0.315
'0:04.453',-0.410,-0.330
'0:04.456',-0.420,-0.345
'0:04.458',-0.430,-0.350
'0:04.461',-0.445,-0.355
'0:04.464',-0.440,-0.365
'0:04.467',-0.435,-0.355
'0:04.469',-0.430,-0.365
'0:04.472',-0.430,-0.370
'0:04.475',-0.450,-0.375
'0:04.478',-0.445,-0.375
'0:04.481',-0.445,-0.370
'0:04.483',-0.435,-0.355
'0:04.486',-0.435,-0.360
'0:04.489',-0.445,-0.340
'0:04.492',-0.440,-0.340
'0:04.494',-0.450,-0.330
'0:04.497',-0.430,-0.315
'0:04.500',-0.430,-0.290
'0:04.503',-0.415,-0.275
'0:04.506',-0.400,-0.265
'0:04.508',-0.400,-0.260
'0:04.511',-0.385,-0.245
'0:04.514',-0.365,-0.225
'0:04.517',-0.335,-0.205
'0:04.519',-0.330,-0.200
'0:04.522',-0.325,-0.190
'0:04.525',-0.330,-0.200
'0:04.528',-0.330,-0.185
'0:04.531',-0.310,-0.175
'0:04.533',-0.295,-0.160
'0:04.536',-0.285,-0.155
'0:04.539',-0.290,-0.165
'0:04.542',-0.290,-0.160
'0:04.544',-0.310,-0.170
'0:04.547',-0.295,-0.150
'0:04.550',-0.285,-0.145
'0:04.553',-0.280,-0.150
'0:04.556',-0.300,-0.145
'0:04.558',-0.290,-0.145
'0:04.561',-0.295,-0.155
'0:04.564',-0.290,-0.150
'0:04.567',-0.280,-0.135
'0:04.569',-0.275,-0.145
'0:04.572',-0.275,-0.145
'0:04.575',-0.290,-0.150
'0:04.578',-0.290,-0.145
'0:04.581',-0.285,-0.140
'0:04.583',-0.270,-0.130
'0:04.586',-0.270,-0.135
'0:04.589',-0.270,-0.140
'0:04.592',-0.275,-0.145
'0:04.594',-0.290,-0.165
'0:04.597',-0.285,-0.155
'0:04.600',-0.275,-0.145
'0:04.603',-0.275,-0.150
'0:04.606',-0.290,-0.160
'0:04.608',-0.295,-0.160
'0:04.611',-0.305,-0.160
'0:04.614',-0.295,-0.145
'0:04.617',-0.295,-0.140
'0:04.619',-0.285,-0.150
'0:04.622',-0.290,-0.165
'0:04.625',-0.300,-0.170
'0:04.628',-0.305,-0.165
'0:04.631',-0.310,-0.165
'0:04.633',-0.295,-0.150
'0:04.636',-0.300,-0.150
'0:04.639',-0.305,-0.165
'0:04.642',-0.310,-0.170
'0:04.644',-0.325,-0.180
'0:04.647',-0.325,-0.165
'0:04.650',-0.315,-0.155
'0:04.653',-0.310,-0.160
'0:04.656',-0.315,-0.165
'0:04.658',-0.315,-0.175
'0:04.661',-0.325,-0.180
'0:04.664',-0.320,-0.165
'0:04.667',-0.310,-0.150
'0:04.669',-0.320,-0.170
'0:04.672',-0.315,-0.170
'0:04.675',-0.330,-0.185
'0:04.678',-0.330,-0.175
'0:04.681',-0.320,-0.175
'0:04.683',-0.310,-0.160
'0:04.686',-0.310,-0.165
'0:04.689',-0.310,-0.170
'0:04.692',-0.330,-0.180
'0:04.694',-0.335,-0.175
'0:04.697',-0.330,-0.170
'0:04.700',-0.320,-0.160
'0:04.703',-0.325,-0.160
'0:04.706',-0.325,-0.170
'0:04.708',-0.330,-0.190
'0:04.711',-0.335,-0.165
'0:04.714',-0.330,-0.160
'0:04.717',-0.325,-0.155
'0:04.719',-0.325,-0.160
'0:04.722',-0.320,-0.155
'0:04.725',-0.325,-0.165
'0:04.728',-0.330,-0.185
'0:04.731',-0.325,-0.175
'0:04.733',-0.315,-0.150
'0:04.736',-0.305,-0.155
'0:04.739',-0.325,-0.165
'0:04.742',-0.315,-0.170
'0:04.744',-0.335,-0.170
'0:04.747',-0.330,-0.165
'0:04.750',-0.310,-0.150
'0:04.753',-0.320,-0.160
'0:04.756',-0.330,-0.170
'0:04.758',-0.330,-0.175
'0:04.761',-0.335,-0.180
'0:04.764',-0.330,-0.155
'0:04.767',-0.330,-0.150
'0:04.769',-0.320,-0.145
'0:04.772',-0.320,-0.160
'0:04.775',-0.330,-0.165
'0:04.778',-0.330,-0.160
'0:04.781',-0.325,-0.160
'0:04.783',-0.315,-0.145
'0:04.786',-0.315,-0.150
'0:04.789',-0.315,-0.150
'0:04.792',-0.330,-0.160
'0:04.794',-0.330,-0.160
'0:04.797',-0.320,-0.150
'0:04.800',-0.315,-0.150
'0:04.803',-0.305,-0.150
'0:04.806',-0.305,-0.155
'0:04.808',-0.295,-0.160
'0:04.811',-0.315,-0.160
'0:04.814',-0.300,-0.150
'0:04.817',-0.275,-0.130
'0:04.819',-0.255,-0.150
'0:04.822',-0.255,-0.155
'0:04.825',-0.260,-0.160
'0:04.828',-0.265,-0.150
'0:04.831',-0.255,-0.125
'0:04.833',-0.235,-0.120
'0:04.836',-0.230,-0.115
'0:04.839',-0.225,-0.125
'0:04.842',-0.220,-0.135
'0:04.844',-0.220,-0.140
'0:04.847',-0.215,-0.130
'0:04.850',-0.200,-0.105
'0:04.853',-0.205,-0.105
'0:04.856',-0.205,-0.100
'0:04.858',-0.225,-0.105
'0:04.861',-0.235,-0.090
'0:04.864',-0.240,-0.080
'0:04.867',-0.230,-0.075
'0:04.869',-0.215,-0.090
'0:04.872',-0.240,-0.090
'0:04.875',-0.240,-0.100
'0:04.878',-0.250,-0.100
'0:04.881',-0.235,-0.095
'0:04.883',-0.210,-0.090
'0:04.886',-0.200,-0.110
'0:04.889',-0.220,-0.125
'0:04.892',-0.255,-0.130
'0:04.894',-0.275,-0.120
'0:04.897',-0.285,-0.120
'0:04.900',-0.300,-0.110
'0:04.903',-0.305,-0.110
'0:04.906',-0.320,-0.120
'0:04.908',-0.330,-0.130
'0:04.911',-0.325,-0.140
'0:04.914',-0.320,-0.145
'0:04.917',-0.330,-0.125
'0:04.919',-0.330,-0.130
'0:04.922',-0.335,-0.150
'0:04.925',-0.340,-0.145
'0:04.928',-0.345,-0.140
'0:04.931',-0.340,-0.140
'0:04.933',-0.335,-0.120
'0:04.936',-0.320,-0.135
'0:04.939',-0.325,-0.145
'0:04.942',-0.335,-0.160
'0:04.944',-0.345,-0.150
'0:04.947',-0.345,-0.135
'0:04.950',-0.345,-0.125
'0:04.953',-0.335,-0.135
'0:04.956',-0.340,-0.145
'0:04.958',-0.345,-0.150
'0:04.961',-0.355,-0.160
'0:04.964',-0.340,-0.145
'0:04.967',-0.340,-0.135
'0:04.969',-0.340,-0.135
'0:04.972',-0.340,-0.125
'0:04.975',-0.345,-0.160
'0:04.978',-0.355,-0.175
'0:04.981',-0.365,-0.195
'0:04.983',-0.370,-0.210
'0:04.986',-0.405,-0.230
'0:04.989',-0.445,-0.270
'0:04.992',-0.480,-0.290
'0:04.994',-0.495,-0.280
'0:04.997',-0.520,-0.195
'0:05.000',-0.535,-0.050
'0:05.003',-0.505,0.085
'0:05.006',-0.415,0.195
'0:05.008',-0.280,0.305
'0:05.011',-0.135,0.420
'0:05.014',0.065,0.565
'0:05.017',0.300,0.705
'0:05.019',0.580,0.800
'0:05.022',0.810,0.795
'0:05.025',0.945,0.595
'0:05.028',0.920,0.235
'0:05.031',0.775,-0.075
'0:05.033',0.445,-0.190
'0:05.036',0.020,-0.185
'0:05.039',-0.295,-0.155
'0:05.042',-0.445,-0.170
'0:05.044',-0.470,-0.165
'0:05.047',-0.425,-0.155
'0:05.050',-0.380,-0.145
'0:05.053',-0.360,-0.155
'0:05.056',-0.360,-0.190
'0:05.058',-0.370,-0.200
'0:05.061',-0.380,-0.195
'0:05.064',-0.380,-0.175
'0:05.067',-0.375,-0.175
'0:05.069',-0.370,-0.180
'0:05.072',-0.365,-0.185
'0:05.075',-0.370,-0.200
'0:05.078',-0.385,-0.195
'0:05.081',-0.385,-0.200
'0:05.083',-0.375,-0.195
'0:05.086',-0.370,-0.190
'0:05.089',-0.370,-0.195
'0:05.092',-0.385,-0.200
'0:05.094',-0.395,-0.200
'0:05.097',-0.385,-0.190
'0:05.100',-0.385,-0.180
'0:05.103',-0.390,-0.185
'0:05.106',-0.385,-0.195
'0:05.108',-0.395,-0.210
'0:05.111',-0.410,-0.210
'0:05.114',-0.400,-0.175
'0:05.117',-0.395,-0.190
'0:05.119',-0.380,-0.185
'0:05.122',-0.395,-0.185
'0:05.125',-0.395,-0.195
'0:05.128',-0.400,-0.200
'0:05.131',-0.400,-0.195
'0:05.133',-0.395,-0.180
'0:05.136',-0.390,-0.190
'0:05.139',-0.390,-0.195
'0:05.142',-0.395,-0.190
'0:05.144',-0.405,-0.195
'0:05.147',-0.390,-0.175
'0:05.150',-0.385,-0.175
'0:05.153',-0.375,-0.185
'0:05.156',-0.375,-0.190
'0:05.158',-0.380,-0.195
'0:05.161',-0.390,-0.190
'0:05.164',-0.385,-0.185
'0:05.167',-0.370,-0.170
'0:05.169',-0.370,-0.170
'0:05.172',-0.370,-0.190
'0:05.175',-0.375,-0.200
'0:05.178',-0.385,-0.200
'0:05.181',-0.370,-0.180
'0:05.183',-0.390,-0.175
'0:05.186',-0.375,-0.195
'0:05.189',-0.370,-0.175
'0:05.192',-0.380,-0.190
'0:05.194',-0.390,-0.190
'0:05.197',-0.390,-0.190
'0:05.200',-0.385,-0.180
'0:05.203',-0.375,-0.190
'0:05.206',-0.375,-0.210
'0:05.208',-0.385,-0.205
'0:05.211',-0.395,-0.200
'0:05.214',-0.390,-0.210
'0:05.217',-0.385,-0.195
'0:05.219',-0.375,-0.205
'0:05.222',-0.380,-0.215
'0:05.225',-0.385,-0.230
'0:05.228',-0.390,-0.215
'0:05.231',-0.380,-0.225
'0:05.233',-0.380,-0.205
'0:05.236',-0.370,-0.215
'0:05.239',-0.370,-0.235
'0:05.242',-0.365,-0.245
'0:05.244',-0.390,-0.245
'0:05.247',-0.365,-0.240
'0:05.250',-0.365,-0.245
'0:05.253',-0.360,-0.235
'0:05.256',-0.375,-0.260
'0:05.258',-0.380,-0.265
'0:05.261',-0.400,-0.270
'0:05.264',-0.390,-0.265
'0:05.267',-0.375,-0.265
'0:05.269',-0.375,-0.270
'0:05.272',-0.370,-0.285
'0:05.275',-0.385,-0.300
'0:05.278',-0.390,-0.295
'0:05.281',-0.390,-0.295
'0:05.283',-0.390,-0.295
'0:05.286',-0.390,-0.305
'0:05.289',-0.375,-0.310
'0:05.292',-0.385,-0.320
'0:05.294',-0.395,-0.325
'0:05.297',-0.380,-0.320
'0:05.300',-0.370,-0.310
'0:05.303',-0.375,-0.320
'0:05.306',-0.375,-0.320
'0:05.308',-0.390,-0.325
'0:05.311',-0.405,-0.310
'0:05.314',-0.375,-0.280
'0:05.317',-0.370,-0.280
'0:05.319',-0.360,-0.280
'0:05.322',-0.375,-0.265
'0:05.325',-0.385,-0.265
'0:05.328',-0.380,-0.250
'0:05.331',-0.370,-0.225
'0:05.333',-0.360,-0.200
'0:05.336',-0.345,-0.195
'0:05.339',-0.345,-0.190
'0:05.342',-0.330,-0.180
'0:05.344',-0.330,-0.170
'0:05.347',-0.315,-0.150
'0:05.350',-0.310,-0.135
'0:05.353',-0.295,-0.115
'0:05.356',-0.285,-0.125
'0:05.358',-0.285,-0.130
'0:05.361',-0.295,-0.120
'0:05.364',-0.280,-0.105
'0:05.367',-0.270,-0.100
'0:05.369',-0.280,-0.100
'0:05.372',-0.280,-0.100
'0:05.375',-0.280,-0.115
'0:05.378',-0.290,-0.120
'0:05.381',-0.290,-0.105
'0:05.383',-0.280,-0.100
'0:05.386',-0.275,-0.105
'0:05.389',-0.280,-0.115
'0:05.392',-0.285,-0.120
'0:05.394',-0.290,-0.110
'0:05.397',-0.290,-0.105
'0:05.400',-0.280,-0.095
'0:05.403',-0.280,-0.100
'0:05.406',-0.285,-0.110
'0:05.408',-0.290,-0.120
'0:05.411',-0.300,-0.120
'0:05.414',-0.295,-0.115
'0:05.417',-0.285,-0.105
'0:05.419',-0.280,-0.105
'0:05.422',-0.285,-0.095
'0:05.425',-0.285,-0.105
'0:05.428',-0.295,-0.120
'0:05.431',-0.285,-0.115
'0:05.433',-0.280,-0.105
'0:05.436',-0.275,-0.110
'0:05.439',-0.280,-0.125
'0:05.442',-0.290,-0.115
'0:05.444',-0.310,-0.130
'0:05.447',-0.305,-0.115
'0:05.450',-0.285,-0.095
'0:05.453',-0.270,-0.100
'0:05.456',-0.270,-0.110
'0:05.458',-0.275,-0.115
'0:05.461',-0.285,-0.115
'0:05.464',-0.285,-0.105
'0:05.467',-0.270,-0.100
'0:05.469',-0.265,-0.110
'0:05.472',-0.265,-0.100
'0:05.475',-0.265,-0.100
'0:05.478',-0.280,-0.105
'0:05.481',-0.265,-0.095
'0:05.483',-0.245,-0.095
'0:05.486',-0.235,-0.095
'0:05.489',-0.235,-0.110
'0:05.492',-0.250,-0.115
'0:05.494',-0.250,-0.110
'0:05.497',-0.245,-0.105
'0:05.500',-0.215,-0.105
'0:05.503',-0.220,-0.115
'0:05.506',-0.245,-0.115
'0:05.508',-0.255,-0.135
'0:05.511',-0.230,-0.125
'0:05.514',-0.205,-0.135
'0:05.517',-0.210,-0.125
'0:05.519',-0.220,-0.130
'0:05.522',-0.230,-0.150
'0:05.525',-0.240,-0.155
'0:05.528',-0.240,-0.165
'0:05.531',-0.245,-0.165
'0:05.533',-0.250,-0.170
'0:05.536',-0.270,-0.175
'0:05.539',-0.285,-0.170
'0:05.542',-0.315,-0.175
'0:05.544',-0.320,-0.170
'0:05.547',-0.320,-0.165
'0:05.550',-0.310,-0.160
'0:05.553',-0.330,-0.160
'0:05.556',-0.340,-0.170
'0:05.558',-0.345,-0.180
'0:05.561',-0.360,-0.170
'0:05.564',-0.365,-0.155
'0:05.567',-0.360,-0.155
'0:05.569',-0.350,-0.160
'0:05.572',-0.355,-0.160
'0:05.575',-0.375,-0.175
'0:05.578',-0.385,-0.170
'0:05.581',-0.375,-0.155
'0:05.583',-0.370,-0.150
'0:05.586',-0.365,-0.160
'0:05.589',-0.365,-0.155
'0:05.592',-0.370,-0.165
'0:05.594',-0.380,-0.160
'0:05.597',-0.360,-0.150
'0:05.600',-0.350,-0.150
'0:05.603',-0.355,-0.145
'0:05.606',-0.355,-0.155
'0:05.608',-0.350,-0.165
'0:05.611',-0.365,-0.155
'0:05.614',-0.350,-0.135
'0:05.617',-0.350,-0.130
'0:05.619',-0.340,-0.145
'0:05.622',-0.355,-0.155
'0:05.625',-0.350,-0.160
'0:05.628',-0.375,-0.160
'0:05.631',-0.365,-0.175
'0:05.633',-0.375,-0.190
'0:05.636',-0.400,-0.235
'0:05.639',-0.430,-0.250
'0:05.642',-0.475,-0.295
'0:05.644',-0.520,-0.315
'0:05.647',-0.520,-0.295
'0:05.650',-0.550,-0.190
'0:05.653',-0.570,-0.085
'0:05.656',-0.540,0.060
'0:05.658',-0.445,0.175
'0:05.661',-0.305,0.265
'0:05.664',-0.140,0.380
'0:05.667',0.025,0.485
'0:05.669',0.260,0.590
'0:05.672',0.510,0.665
'0:05.675',0.735,0.665
'0:05.678',0.845,0.500
'0:05.681',0.875,0.205
'0:05.683',0.735,-0.075
'0:05.686',0.400,-0.215
'0:05.689',-0.025,-0.205
'0:05.692',-0.335,-0.180
'0:05.694',-0.480,-0.175
'0:05.697',-0.470,-0.165
'0:05.700',-0.415,-0.145
'0:05.703',-0.375,-0.145
'0:05.706',-0.365,-0.160
'0:05.708',-0.385,-0.165
'0:05.711',-0.400,-0.170
'0:05.714',-0.380,-0.155
'0:05.717',-0.390,-0.155
'0:05.719',-0.375,-0.155
'0:05.722',-0.385,-0.170
'0:05.725',-0.395,-0.175
'0:05.728',-0.405,-0.170
'0:05.731',-0.390,-0.155
'0:05.733',-0.380,-0.155
'0:05.736',-0.385,-0.160
'0:05.739',-0.385,-0.165
'0:05.742',-0.395,-0.180
'0:05.744',-0.400,-0.175
'0:05.747',-0.405,-0.170
'0:05.750',-0.400,-0.160
'0:05.753',-0.390,-0.160
'0:05.756',-0.390,-0.170
'0:05.758',-0.395,-0.180
'0:05.761',-0.400,-0.180
'0:05.764',-0.390,-0.170
'0:05.767',-0.385,-0.165
'0:05.769',-0.390,-0.165
'0:05.772',-0.385,-0.175
'0:05.775',-0.410,-0.180
'0:05.778',-0.420,-0.185
'0:05.781',-0.405,-0.170
'0:05.783',-0.410,-0.160
'0:05.786',-0.390,-0.165
'0:05.789',-0.390,-0.175
'0:05.792',-0.390,-0.175
'0:05.794',-0.400,-0.175
'0:05.797',-0.400,-0.180
'0:05.800',-0.390,-0.170
'0:05.803',-0.375,-0.160
'0:05.806',-0.380,-0.170
'0:05.808',-0.395,-0.180
'0:05.811',-0.400,-0.185
'0:05.814',-0.390,-0.170
'0:05.817',-0.400,-0.160
'0:05.819',-0.390,-0.180
'0:05.822',-0.395,-0.180
'0:05.825',-0.410,-0.185
'0:05.828',-0.415,-0.185
'0:05.831',-0.405,-0.165
'0:05.833',-0.385,-0.155
'0:05.836',-0.385,-0.170
'0:05.839',-0.380,-0.175
'0:05.842',-0.400,-0.195
'0:05.844',-0.400,-0.195
'0:05.847',-0.395,-0.190
'0:05.850',-0.390,-0.175
'0:05.853',-0.380,-0.175
'0:05.856',-0.375,-0.190
'0:05.858',-0.395,-0.190
'0:05.861',-0.395,-0.190
'0:05.864',-0.385,-0.185
'0:05.867',-0.380,-0.190
'0:05.869',-0.375,-0.215
'0:05.872',-0.385,-0.220
'0:05.875',-0.390,-0.215
'0:05.878',-0.400,-0.225
'0:05.881',-0.400,-0.215
'0:05.883',-0.385,-0.200
'0:05.886',-0.380,-0.230
'0:05.889',-0.395,-0.225
'0:05.892',-0.390,-0.245
'0:05.894',-0.400,-0.240
'0:05.897',-0.395,-0.245
'0:05.900',-0.385,-0.220
'0:05.903',-0.380,-0.245
'0:05.906',-0.385,-0.260
'0:05.908',-0.395,-0.280
'0:05.911',-0.405,-0.280
'0:05.914',-0.400,-0.285
'0:05.917',-0.390,-0.270
'0:05.919',-0.380,-0.285
'0:05.922',-0.380,-0.295
'0:05.925',-0.385,-0.305
'0:05.928',-0.405,-0.305
'0:05.931',-0.395,-0.315
'0:05.933',-0.400,-0.305
'0:05.936',-0.390,-0.310
'0:05.939',-0.400,-0.330
'0:05.942',-0.405,-0.325
'0:05.944',-0.425,-0.330
'0:05.947',-0.420,-0.315
'0:05.950',-0.405,-0.310
'0:05.953',-0.400,-0.315
'0:05.956',-0.405,-0.310
'0:05.958',-0.405,-0.320
'0:05.961',-0.415,-0.305
'0:05.964',-0.400,-0.290
'0:05.967',-0.390,-0.275
'0:05.969',-0.380,-0.270
'0:05.972',-0.385,-0.265
'0:05.975',-0.395,-0.265
'0:05.978',-0.405,-0.255
'0:05.981',-0.390,-0.245
'0:05.983',-0.370,-0.225
'0:05.986',-0.370,-0.215
'0:05.989',-0.370,-0.215
'0:05.992',-0.385,-0.215
'0:05.994',-0.370,-0.210
'0:05.997',-0.355,-0.205
'0:06.000',-0.345,-0.185
'0:06.003',-0.340,-0.180
'0:06.006',-0.335,-0.190
'0:06.008',-0.340,-0.190
'0:06.011',-0.355,-0.170
'0:06.014',-0.335,-0.155
'0:06.017',-0.325,-0.140
'0:06.019',-0.310,-0.145
'0:06.022',-0.305,-0.165
'0:06.025',-0.305,-0.160
'0:06.028',-0.320,-0.160
'0:06.031',-0.315,-0.150
'0:06.033',-0.310,-0.145
'0:06.036',-0.305,-0.140
'0:06.039',-0.305,-0.150
'0:06.042',-0.330,-0.150
'0:06.044',-0.325,-0.170
'0:06.047',-0.345,-0.155
'0:06.050',-0.325,-0.145
'0:06.053',-0.315,-0.130
'0:06.056',-0.315,-0.140
'0:06.058',-0.305,-0.150
'0:06.061',-0.310,-0.145
'0:06.064',-0.310,-0.150
'0:06.067',-0.300,-0.135
'0:06.069',-0.305,-0.140
'0:06.072',-0.305,-0.155
'0:06.075',-0.315,-0.150
'0:06.078',-0.320,-0.165
'0:06.081',-0.325,-0.145
'0:06.083',-0.315,-0.145
'0:06.086',-0.305,-0.155
'0:06.089',-0.315,-0.160
'0:06.092',-0.325,-0.160
'0:06.094',-0.325,-0.175
'0:06.097',-0.330,-0.155
'0:06.100',-0.315,-0.155
'0:06.103',-0.315,-0.150
'0:06.106',-0.310,-0.160
'0:06.108',-0.330,-0.165
'0:06.111',-0.340,-0.165
'0:06.114',-0.335,-0.175
'0:06.117',-0.330,-0.165
'0:06.119',-0.345,-0.165
'0:06.122',-0.355,-0.165
'0:06.125',-0.365,-0.170
'0:06.128',-0.370,-0.165
'0:06.131',-0.345,-0.160
'0:06.133',-0.340,-0.160
'0:06.136',-0.340,-0.165
'0:06.139',-0.345,-0.170
'0:06.142',-0.360,-0.195
'0:06.144',-0.365,-0.185
'0:06.147',-0.360,-0.180
'0:06.150',-0.360,-0.170
'0:06.153',-0.345,-0.165
'0:06.156',-0.355,-0.185
'0:06.158',-0.365,-0.180
'0:06.161',-0.350,-0.185
'0:06.164',-0.360,-0.170
'0:06.167',-0.350,-0.175
'0:06.169',-0.340,-0.175
'0:06.172',-0.345,-0.175
'0:06.175',-0.355,-0.180
'0:06.178',-0.370,-0.175
'0:06.181',-0.350,-0.155
'0:06.183',-0.350,-0.160
'0:06.186',-0.350,-0.170
'0:06.189',-0.345,-0.180
'0:06.192',-0.350,-0.200
'0:06.194',-0.355,-0.195
'0:06.197',-0.360,-0.165
'0:06.200',-0.345,-0.160
'0:06.203',-0.355,-0.160
'0:06.206',-0.350,-0.165
'0:06.208',-0.360,-0.185
'0:06.211',-0.370,-0.190
'0:06.214',-0.355,-0.180
'0:06.217',-0.355,-0.170
'0:06.219',-0.350,-0.170
'0:06.222',-0.355,-0.170
'0:06.225',-0.360,-0.180
'0:06.228',-0.390,-0.180
'0:06.231',-0.385,-0.170
'0:06.233',-0.360,-0.180
'0:06.236',-0.360,-0.180
'0:06.239',-0.370,-0.200
'0:06.242',-0.370,-0.195
'0:06.244',-0.390,-0.195
'0:06.247',-0.375,-0.155
'0:06.250',-0.370,-0.145
'0:06.253',-0.350,-0.165
'0:06.256',-0.340,-0.180
'0:06.258',-0.345,-0.185
'0:06.261',-0.360,-0.180
'0:06.264',-0.360,-0.170
'0:06.267',-0.350,-0.160
'0:06.269',-0.350,-0.160
'0:06.272',-0.335,-0.170
'0:06.275',-0.360,-0.180
'0:06.278',-0.365,-0.190
'0:06.281',-0.365,-0.180
'0:06.283',-0.360,-0.165
'0:06.286',-0.360,-0.170
'0:06.289',-0.365,-0.185
'0:06.292',-0.375,-0.195
'0:06.294',-0.385,-0.185
'0:06.297',-0.385,-0.185
'0:06.300',-0.365,-0.185
'0:06.303',-0.370,-0.185
'0:06.306',-0.375,-0.190
'0:06.308',-0.370,-0.180
'0:06.311',-0.375,-0.190
'0:06.314',-0.365,-0.190
'0:06.317',-0.355,-0.180
'0:06.319',-0.355,-0.190
'0:06.322',-0.360,-0.190
'0:06.325',-0.365,-0.195
'0:06.328',-0.370,-0.195
'0:06.331',-0.360,-0.185
'0:06.333',-0.350,-0.175
'0:06.336',-0.340,-0.195
'0:06.339',-0.345,-0.180
'0:06.342',-0.340,-0.180
'0:06.344',-0.350,-0.185
'0:06.347',-0.345,-0.190
'0:06.350',-0.350,-0.175
'0:06.353',-0.360,-0.190
'0:06.356',-0.350,-0.190
'0:06.358',-0.360,-0.210
'0:06.361',-0.370,-0.205
'0:06.364',-0.360,-0.185
'0:06.367',-0.360,-0.180
'0:06.369',-0.355,-0.180
'0:06.372',-0.360,-0.190
'0:06.375',-0.375,-0.215
'0:06.378',-0.375,-0.220
'0:06.381',-0.370,-0.205
'0:06.383',-0.350,-0.195
'0:06.386',-0.355,-0.190
'0:06.389',-0.360,-0.195
'0:06.392',-0.365,-0.215
'0:06.394',-0.375,-0.235
'0:06.397',-0.370,-0.210
'0:06.400',-0.365,-0.200
'0:06.403',-0.360,-0.210
'0:06.406',-0.355,-0.205
'0:06.408',-0.360,-0.215
'0:06.411',-0.360,-0.215
'0:06.414',-0.350,-0.205
'0:06.417',-0.340,-0.200
'0:06.419',-0.345,-0.190
'0:06.422',-0.345,-0.220
'0:06.425',-0.355,-0.225
'0:06.428',-0.360,-0.225
'0:06.431',-0.360,-0.205
'0:06.433',-0.365,-0.200
'0:06.436',-0.345,-0.205
'0:06.439',-0.355,-0.205
'0:06.442',-0.350,-0.210
'0:06.444',-0.360,-0.210
'0:06.447',-0.355,-0.195
'0:06.450',-0.360,-0.195
'0:06.453',-0.345,-0.195
'0:06.456',-0.335,-0.200
'0:06.458',-0.330,-0.225
'0:06.461',-0.330,-0.225
'0:06.464',-0.310,-0.205
'0:06.467',-0.305,-0.190
'0:06.469',-0.300,-0.195
'0:06.472',-0.305,-0.190
'0:06.475',-0.295,-0.200
'0:06.478',-0.305,-0.185
'0:06.481',-0.285,-0.180
'0:06.483',-0.275,-0.165
'0:06.486',-0.265,-0.170
'0:06.489',-0.255,-0.180
'0:06.492',-0.255,-0.175
'0:06.494',-0.260,-0.170
'0:06.497',-0.265,-0.165
'0:06.500',-0.255,-0.150
'0:06.503',-0.255,-0.155
'0:06.506',-0.260,-0.165
'0:06.508',-0.280,-0.170
'0:06.511',-0.290,-0.165
'0:06.514',-0.280,-0.165
'0:06.517',-0.270,-0.155
'0:06.519',-0.255,-0.170
'0:06.522',-0.275,-0.180
'0:06.525',-0.290,-0.170
'0:06.528',-0.320,-0.165
'0:06.531',-0.300,-0.160
'0:06.533',-0.295,-0.160
'0:06.536',-0.270,-0.180
'0:06.539',-0.265,-0.190
'0:06.542',-0.270,-0.205
'0:06.544',-0.285,-0.190
'0:06.547',-0.300,-0.190
'0:06.550',-0.310,-0.170
'0:06.553',-0.315,-0.185
'0:06.556',-0.320,-0.190
'0:06.558',-0.350,-0.195
'0:06.561',-0.370,-0.225
'0:06.564',-0.365,-0.215
'0:06.567',-0.365,-0.200
'0:06.569',-0.365,-0.205
'0:06.572',-0.370,-0.205
'0:06.575',-0.370,-0.205
'0:06.578',-0.370,-0.220
'0:06.581',-0.380,-0.210
'0:06.583',-0.360,-0.210
'0:06.586',-0.375,-0.210
'0:06.589',-0.375,-0.215
'0:06.592',-0.400,-0.225
'0:06.594',-0.420,-0.235
'0:06.597',-0.405,-0.230
'0:06.600',-0.400,-0.205
'0:06.603',-0.385,-0.215
'0:06.606',-0.380,-0.225
'0:06.608',-0.400,-0.225
'0:06.611',-0.415,-0.220
'0:06.614',-0.405,-0.220
'0:06.617',-0.395,-0.215
'0:06.619',-0.395,-0.225
'0:06.622',-0.395,-0.225
'0:06.625',-0.410,-0.255
'0:06.628',-0.430,-0.275
'0:06.631',-0.440,-0.290
'0:06.633',-0.455,-0.290
'0:06.636',-0.490,-0.315
'0:06.639',-0.485,-0.330
'0:06.642',-0.520,-0.305
'0:06.644',-0.570,-0.245
'0:06.647',-0.575,-0.115
'0:06.650',-0.525,-0.025
'0:06.653',-0.420,0.030
'0:06.656',-0.305,0.080
'0:06.658',-0.190,0.155
'0:06.661',-0.020,0.265
'0:06.664',0.220,0.385
'0:06.667',0.485,0.500
'0:06.669',0.715,0.545
'0:06.672',0.845,0.450
'0:06.675',0.885,0.215
'0:06.678',0.790,-0.090
'0:06.681',0.560,-0.325
'0:06.683',0.225,-0.390
'0:06.686',-0.070,-0.385
'0:06.689',-0.285,-0.365
'0:06.692',-0.425,-0.335
'0:06.694',-0.500,-0.295
'0:06.697',-0.550,-0.285
'0:06.700',-0.535,-0.270
'0:06.703',-0.500,-0.265
'0:06.706',-0.465,-0.270
'0:06.708',-0.450,-0.275
'0:06.711',-0.450,-0.285
'0:06.714',-0.435,-0.265
'0:06.717',-0.420,-0.250
'0:06.719',-0.410,-0.260
'0:06.722',-0.410,-0.260
'0:06.725',-0.415,-0.265
'0:06.728',-0.420,-0.270
'0:06.731',-0.425,-0.265
'0:06.733',-0.420,-0.245
'0:06.736',-0.430,-0.260
'0:06.739',-0.430,-0.255
'0:06.742',-0.440,-0.280
'0:06.744',-0.450,-0.260
'0:06.747',-0.450,-0.250
'0:06.750',-0.430,-0.250
'0:06.753',-0.430,-0.255
'0:06.756',-0.430,-0.255
'0:06.758',-0.445,-0.260
'0:06.761',-0.445,-0.260
'0:06.764',-0.440,-0.255
'0:06.767',-0.425,-0.225
'0:06.769',-0.430,-0.240
'0:06.772',-0.430,-0.245
'0:06.775',-0.425,-0.265
'0:06.778',-0.445,-0.275
'0:06.781',-0.445,-0.250
'0:06.783',-0.430,-0.245
'0:06.786',-0.435,-0.230
'0:06.789',-0.435,-0.240
'0:06.792',-0.445,-0.255
'0:06.794',-0.445,-0.250
'0:06.797',-0.435,-0.250
'0:06.800',-0.430,-0.245
'0:06.803',-0.425,-0.235
'0:06.806',-0.430,-0.240
'0:06.808',-0.430,-0.250
'0:06.811',-0.440,-0.250
'0:06.814',-0.420,-0.245
'0:06.817',-0.430,-0.220
'0:06.819',-0.425,-0.245
'0:06.822',-0.430,-0.245
'0:06.825',-0.440,-0.240
'0:06.828',-0.440,-0.255
'0:06.831',-0.430,-0.245
'0:06.833',-0.430,-0.225
'0:06.836',-0.415,-0.240
'0:06.839',-0.425,-0.250
'0:06.842',-0.430,-0.260
'0:06.844',-0.455,-0.265
'0:06.847',-0.445,-0.255
'0:06.850',-0.445,-0.240
'0:06.853',-0.430,-0.250
'0:06.856',-0.430,-0.250
'0:06.858',-0.440,-0.265
'0:06.861',-0.440,-0.260
'0:06.864',-0.435,-0.260
'0:06.867',-0.430,-0.265
'0:06.869',-0.415,-0.275
'0:06.872',-0.415,-0.270
'0:06.875',-0.425,-0.270
'0:06.878',-0.425,-0.270
'0:06.881',-0.420,-0.270
'0:06.883',-0.405,-0.245
'0:06.886',-0.405,-0.265
'0:06.889',-0.415,-0.265
'0:06.892',-0.415,-0.270
'0:06.894',-0.425,-0.285
'0:06.897',-0.430,-0.260
'0:06.900',-0.405,-0.245
'0:06.903',-0.405,-0.255
'0:06.906',-0.405,-0.265
'0:06.908',-0.405,-0.285
'0:06.911',-0.430,-0.295
'0:06.914',-0.415,-0.300
'0:06.917',-0.410,-0.295
'0:06.919',-0.415,-0.285
'0:06.922',-0.430,-0.320
'0:06.925',-0.445,-0.325
'0:06.928',-0.465,-0.335
'0:06.931',-0.460,-0.335
'0:06.933',-0.450,-0.330
'0:06.936',-0.455,-0.350
'0:06.939',-0.460,-0.345
'0:06.942',-0.465,-0.365
'0:06.944',-0.485,-0.380
'0:06.947',-0.495,-0.375
'0:06.950',-0.475,-0.375
'0:06.953',-0.490,-0.385
'0:06.956',-0.500,-0.385
'0:06.958',-0.495,-0.400
'0:06.961',-0.515,-0.400
'0:06.964',-0.500,-0.395
'0:06.967',-0.485,-0.390
'0:06.969',-0.490,-0.390
'0:06.972',-0.485,-0.400
'0:06.975',-0.500,-0.405
'0:06.978',-0.500,-0.410
'0:06.981',-0.490,-0.380
'0:06.983',-0.480,-0.355
'0:06.986',-0.460,-0.350
'0:06.989',-0.460,-0.340
'0:06.992',-0.470,-0.345
'0:06.994',-0.465,-0.335
'0:06.997',-0.440,-0.310
'0:07.000',-0.430,-0.285
'0:07.003',-0.425,-0.280
'0:07.006',-0.410,-0.270
'0:07.008',-0.410,-0.255
'0:07.011',-0.400,-0.245
'0:07.014',-0.390,-0.235
'0:07.017',-0.380,-0.210
'0:07.019',-0.355,-0.215
'0:07.022',-0.350,-0.220
'0:07.025',-0.355,-0.220
'0:07.028',-0.350,-0.215
'0:07.031',-0.340,-0.190
'0:07.033',-0.330,-0.180
'0:07.036',-0.325,-0.180
'0:07.039',-0.305,-0.185
'0:07.042',-0.320,-0.195
'0:07.044',-0.315,-0.195
'0:07.047',-0.305,-0.190
'0:07.050',-0.300,-0.170
'0:07.053',-0.305,-0.170
'0:07.056',-0.305,-0.185
'0:07.058',-0.310,-0.185
'0:07.061',-0.330,-0.185
'0:07.064',-0.310,-0.180
'0:07.067',-0.315,-0.170
'0:07.069',-0.315,-0.190
'0:07.072',-0.320,-0.180
'0:07.075',-0.325,-0.195
'0:07.078',-0.325,-0.190
'0:07.081',-0.325,-0.170
'0:07.083',-0.310,-0.170
'0:07.086',-0.310,-0.175
'0:07.089',-0.315,-0.190
'0:07.092',-0.325,-0.195
'0:07.094',-0.330,-0.190
'0:07.097',-0.325,-0.185
'0:07.100',-0.325,-0.185
'0:07.103',-0.315,-0.180
'0:07.106',-0.320,-0.185
'0:07.108',-0.330,-0.190
'0:07.111',-0.335,-0.205
'0:07.114',-0.330,-0.195
'0:07.117',-0.315,-0.185
'0:07.119',-0.320,-0.185
'0:07.122',-0.320,-0.185
'0:07.125',-0.335,-0.205
'0:07.128',-0.335,-0.205
'0:07.131',-0.325,-0.180
'0:07.133',-0.325,-0.195
'0:07.136',-0.320,-0.195
'0:07.139',-0.320,-0.205
'0:07.142',-0.325,-0.210
'0:07.144',-0.350,-0.225
'0:07.147',-0.345,-0.210
'0:07.150',-0.345,-0.200
'0:07.153',-0.335,-0.200
'0:07.156',-0.345,-0.205
'0:07.158',-0.355,-0.210
'0:07.161',-0.355,-0.225
'0:07.164',-0.355,-0.210
'0:07.167',-0.345,-0.200
'0:07.169',-0.335,-0.200
'0:07.172',-0.335,-0.205
'0:07.175',-0.345,-0.210
'0:07.178',-0.355,-0.200
'0:07.181',-0.340,-0.195
'0:07.183',-0.335,-0.185
'0:07.186',-0.330,-0.205
'0:07.189',-0.335,-0.210
'0:07.192',-0.345,-0.220
'0:07.194',-0.350,-0.215
'0:07.197',-0.350,-0.205
'0:07.200',-0.340,-0.200
'0:07.203',-0.335,-0.215
'0:07.206',-0.330,-0.210
'0:07.208',-0.360,-0.225
'0:07.211',-0.355,-0.220
'0:07.214',-0.345,-0.215
'0:07.217',-0.335,-0.200
'0:07.219',-0.345,-0.210
'0:07.222',-0.350,-0.205
'0:07.225',-0.360,-0.215
'0:07.228',-0.380,-0.215
'0:07.231',-0.370,-0.215
'0:07.233',-0.345,-0.200
'0:07.236',-0.345,-0.200
'0:07.239',-0.350,-0.210
'0:07.242',-0.355,-0.220
'0:07.244',-0.365,-0.210
'0:07.247',-0.360,-0.195
'0:07.250',-0.345,-0.200
'0:07.253',-0.345,-0.190
'0:07.256',-0.350,-0.210
'0:07.258',-0.360,-0.220
'0:07.261',-0.360,-0.215
'0:07.264',-0.350,-0.200
'0:07.267',-0.355,-0.185
'0:07.269',-0.340,-0.195
'0:07.272',-0.345,-0.200
'0:07.275',-0.355,-0.200
'0:07.278',-0.355,-0.205
'0:07.281',-0.355,-0.195
'0:07.283',-0.340,-0.185
'0:07.286',-0.340,-0.190
'0:07.289',-0.345,-0.195
'0:07.292',-0.365,-0.200
'0:07.294',-0.370,-0.200
'0:07.297',-0.350,-0.200
'0:07.300',-0.330,-0.190
'0:07.303',-0.320,-0.200
'0:07.306',-0.315,-0.190
'0:07.308',-0.295,-0.200
'0:07.311',-0.305,-0.195
'0:07.314',-0.295,-0.180
'0:07.317',-0.300,-0.160
'0:07.319',-0.285,-0.180
'0:07.322',-0.275,-0.180
'0:07.325',-0.260,-0.185
'0:07.328',-0.275,-0.180
'0:07.331',-0.265,-0.160
'0:07.333',-0.260,-0.145
'0:07.336',-0.250,-0.155
'0:07.339',-0.245,-0.170
'0:07.342',-0.255,-0.170
'0:07.344',-0.265,-0.155
'0:07.347',-0.260,-0.145
'0:07.350',-0.260,-0.130
'0:07.353',-0.250,-0.135
'0:07.356',-0.260,-0.140
'0:07.358',-0.280,-0.135
'0:07.361',-0.280,-0.140
'0:07.364',-0.275,-0.140
'0:07.367',-0.285,-0.125
'0:07.369',-0.280,-0.130
'0:07.372',-0.255,-0.150
'0:07.375',-0.245,-0.165
'0:07.378',-0.245,-0.165
'0:07.381',-0.260,-0.165
'0:07.383',-0.285,-0.155
'0:07.386',-0.290,-0.150
'0:07.389',-0.300,-0.165
'0:07.392',-0.320,-0.180
'0:07.394',-0.335,-0.195
'0:07.397',-0.355,-0.175
'0:07.400',-0.350,-0.170
'0:07.403',-0.355,-0.175
'0:07.406',-0.355,-0.185
'0:07.408',-0.375,-0.195
'0:07.411',-0.385,-0.190
'0:07.414',-0.380,-0.175
'0:07.417',-0.360,-0.185
'0:07.419',-0.350,-0.190
'0:07.422',-0.360,-0.205
'0:07.425',-0.365,-0.215
'0:07.428',-0.370,-0.215
'0:07.431',-0.370,-0.195
'0:07.433',-0.365,-0.180
'0:07.436',-0.360,-0.190
'0:07.439',-0.365,-0.200
'0:07.442',-0.370,-0.200
'0:07.444',-0.385,-0.215
'0:07.447',-0.385,-0.200
'0:07.450',-0.365,-0.180
'0:07.453',-0.360,-0.195
'0:07.456',-0.380,-0.200
'0:07.458',-0.385,-0.205
'0:07.461',-0.395,-0.210
'0:07.464',-0.395,-0.200
'0:07.467',-0.385,-0.205
'0:07.469',-0.380,-0.235
'0:07.472',-0.395,-0.260
'0:07.475',-0.425,-0.285
'0:07.478',-0.465,-0.300
'0:07.481',-0.500,-0.325
'0:07.483',-0.515,-0.320
'0:07.486',-0.530,-0.290
'0:07.489',-0.560,-0.190
'0:07.492',-0.585,-0.055
'0:07.494',-0.530,0.050
'0:07.497',-0.410,0.150
'0:07.500',-0.255,0.245
'0:07.503',-0.105,0.345
'0:07.506',0.105,0.445
'0:07.508',0.355,0.530
'0:07.511',0.600,0.595
'0:07.514',0.810,0.520
'0:07.517',0.890,0.275
'0:07.519',0.830,-0.085
'0:07.522',0.580,-0.300
'0:07.525',0.185,-0.335
'0:07.528',-0.205,-0.285
'0:07.531',-0.450,-0.250
'0:07.533',-0.525,-0.245
'0:07.536',-0.495,-0.235
'0:07.539',-0.465,-0.215
'0:07.542',-0.435,-0.230
'0:07.544',-0.415,-0.230
'0:07.547',-0.415,-0.240
'0:07.550',-0.415,-0.235
'0:07.553',-0.400,-0.235
'0:07.556',-0.395,-0.245
'0:07.558',-0.405,-0.255
'0:07.561',-0.425,-0.250
'0:07.564',-0.435,-0.240
'0:07.567',-0.415,-0.225
'0:07.569',-0.415,-0.230
'0:07.572',-0.415,-0.250
'0:07.575',-0.415,-0.240
'0:07.578',-0.430,-0.255
'0:07.581',-0.420,-0.230
'0:07.583',-0.410,-0.225
'0:07.586',-0.405,-0.225
'0:07.589',-0.420,-0.225
'0:07.592',-0.410,-0.230
'0:07.594',-0.420,-0.240
'0:07.597',-0.400,-0.225
'0:07.600',-0.395,-0.215
'0:07.603',-0.385,-0.215
'0:07.606',-0.400,-0.225
'0:07.608',-0.400,-0.235
'0:07.611',-0.400,-0.240
'0:07.614',-0.400,-0.225
'0:07.617',-0.395,-0.205
'0:07.619',-0.400,-0.210
'0:07.622',-0.400,-0.225
'0:07.625',-0.400,-0.230
'0:07.628',-0.410,-0.235
'0:07.631',-0.395,-0.225
'0:07.633',-0.410,-0.215
'0:07.636',-0.400,-0.220
'0:07.639',-0.395,-0.230
'0:07.642',-0.405,-0.235
'0:07.644',-0.410,-0.230
'0:07.647',-0.415,-0.215
'0:07.650',-0.405,-0.215
'0:07.653',-0.400,-0.215
'0:07.656',-0.395,-0.225
'0:07.658',-0.405,-0.235
'0:07.661',-0.415,-0.235
'0:07.664',-0.405,-0.230
'0:07.667',-0.415,-0.215
'0:07.669',-0.410,-0.225
'0:07.672',-0.405,-0.225
'0:07.675',-0.405,-0.235
'0:07.678',-0.410,-0.245
'0:07.681',-0.405,-0.240
'0:07.683',-0.400,-0.225
'0:07.686',-0.395,-0.210
'0:07.689',-0.405,-0.230
'0:07.692',-0.405,-0.230
'0:07.694',-0.400,-0.245
'0:07.697',-0.395,-0.220
'0:07.700',-0.390,-0.225
'0:07.703',-0.395,-0.235
'0:07.706',-0.390,-0.245
'0:07.708',-0.395,-0.250
'0:07.711',-0.420,-0.250
'0:07.714',-0.415,-0.240
'0:07.717',-0.405,-0.240
'0:07.719',-0.400,-0.245
'0:07.722',-0.400,-0.250
'0:07.725',-0.415,-0.270
'0:07.728',-0.420,-0.270
'0:07.731',-0.410,-0.265
'0:07.733',-0.395,-0.260
'0:07.736',-0.400,-0.280
'0:07.739',-0.405,-0.295
'0:07.742',-0.415,-0.295
'0:07.744',-0.435,-0.315
'0:07.747',-0.415,-0.310
'0:07.750',-0.415,-0.305
'0:07.753',-0.400,-0.310
'0:07.756',-0.405,-0.325
'0:07.758',-0.420,-0.330
'0:07.761',-0.430,-0.350
'0:07.764',-0.425,-0.340
'0:07.767',-0.410,-0.335
'0:07.769',-0.410,-0.350
'0:07.772',-0.405,-0.350
'0:07.775',-0.415,-0.370
'0:07.778',-0.425,-0.365
'0:07.781',-0.425,-0.355
'0:07.783',-0.420,-0.335
'0:07.786',-0.410,-0.355
'0:07.789',-0.410,-0.365
'0:07.792',-0.420,-0.370
'0:07.794',-0.430,-0.360
'0:07.797',-0.425,-0.335
'0:07.800',-0.420,-0.315
'0:07.803',-0.405,-0.315
'0:07.806',-0.415,-0.305
'0:07.808',-0.410,-0.285
'0:07.811',-0.410,-0.285
'0:07.814',-0.385,-0.270
'0:07.817',-0.370,-0.240
'0:07.819',-0.360,-0.230
'0:07.822',-0.350,-0.220
'0:07.825',-0.350,-0.220
'0:07.828',-0.350,-0.200
'0:07.831',-0.335,-0.180
'0:07.833',-0.320,-0.175
'0:07.836',-0.305,-0.180
'0:07.839',-0.315,-0.185
'0:07.842',-0.315,-0.190
'0:07.844',-0.320,-0.185
'0:07.847',-0.305,-0.180
'0:07.850',-0.305,-0.175
'0:07.853',-0.295,-0.170
'0:07.856',-0.290,-0.165
'0:07.858',-0.295,-0.175
'0:07.861',-0.295,-0.170
'0:07.864',-0.285,-0.165
'0:07.867',-0.285,-0.155
'0:07.869',-0.270,-0.160
'0:07.872',-0.280,-0.160
'0:07.875',-0.280,-0.165
'0:07.878',-0.295,-0.165
'0:07.881',-0.280,-0.160
'0:07.883',-0.285,-0.145
'0:07.886',-0.275,-0.150
'0:07.889',-0.285,-0.160
'0:07.892',-0.295,-0.165
'0:07.894',-0.305,-0.175
'0:07.897',-0.295,-0.150
'0:07.900',-0.285,-0.140
'0:07.903',-0.285,-0.155
'0:07.906',-0.290,-0.160
'0:07.908',-0.300,-0.175
'0:07.911',-0.310,-0.175
'0:07.914',-0.295,-0.170
'0:07.917',-0.300,-0.160
'0:07.919',-0.290,-0.155
'0:07.922',-0.285,-0.165
'0:07.925',-0.305,-0.175
'0:07.928',-0.310,-0.180
'0:07.931',-0.300,-0.170
'0:07.933',-0.295,-0.165
'0:07.936',-0.305,-0.170
'0:07.939',-0.300,-0.185
'0:07.942',-0.305,-0.185
'0:07.944',-0.320,-0.180
'0:07.947',-0.320,-0.175
'0:07.950',-0.310,-0.170
'0:07.953',-0.300,-0.180
'0:07.956',-0.310,-0.185
'0:07.958',-0.320,-0.200
'0:07.961',-0.340,-0.195
'0:07.964',-0.330,-0.185
'0:07.967',-0.310,-0.175
'0:07.969',-0.315,-0.180
'0:07.972',-0.325,-0.185
'0:07.975',-0.325,-0.205
'0:07.978',-0.345,-0.210
'0:07.981',-0.330,-0.190
'0:07.983',-0.320,-0.185
'0:07.986',-0.320,-0.190
'0:07.989',-0.335,-0.200
'0:07.992',-0.335,-0.205
'0:07.994',-0.355,-0.215
'0:07.997',-0.340,-0.200
'0:08.000',-0.320,-0.180
'0:08.003',-0.315,-0.185
'0:08.006',-0.330,-0.200
'0:08.008',-0.340,-0.205
'0:08.011',-0.340,-0.200
'0:08.014',-0.350,-0.205
'0:08.017',-0.330,-0.190
'0:08.019',-0.330,-0.190
'0:08.022',-0.340,-0.180
'0:08.025',-0.350,-0.205
'0:08.028',-0.355,-0.200
'0:08.031',-0.345,-0.195
'0:08.033',-0.335,-0.180
'0:08.036',-0.335,-0.185
'0:08.039',-0.340,-0.185
'0:08.042',-0.340,-0.200
'0:08.044',-0.345,-0.200
'0:08.047',-0.335,-0.180
'0:08.050',-0.335,-0.180
'0:08.053',-0.325,-0.185
'0:08.056',-0.325,-0.185
'0:08.058',-0.335,-0.200
'0:08.061',-0.340,-0.195
'0:08.064',-0.340,-0.175
'0:08.067',-0.320,-0.175
'0:08.069',-0.315,-0.185
'0:08.072',-0.320,-0.190
'0:08.075',-0.335,-0.195
'0:08.078',-0.335,-0.205
'0:08.081',-0.320,-0.185
'0:08.083',-0.325,-0.160
'0:08.086',-0.315,-0.170
'0:08.089',-0.320,-0.190
'0:08.092',-0.320,-0.190
'0:08.094',-0.345,-0.190
'0:08.097',-0.335,-0.180
'0:08.100',-0.320,-0.170
'0:08.103',-0.310,-0.160
'0:08.106',-0.320,-0.170
'0:08.108',-0.320,-0.185
'0:08.111',-0.340,-0.195
'0:08.114',-0.330,-0.180
'0:08.117',-0.320,-0.175
'0:08.119',-0.310,-0.170
'0:08.122',-0.310,-0.170
'0:08.125',-0.310,-0.195
'0:08.128',-0.295,-0.200
'0:08.131',-0.280,-0.180
'0:08.133',-0.255,-0.170
'0:08.136',-0.250,-0.175
'0:08.139',-0.250,-0.180
'0:08.142',-0.255,-0.180
'0:08.144',-0.260,-0.170
'0:08.147',-0.240,-0.155
'0:08.150',-0.220,-0.135
'0:08.153',-0.230,-0.145
'0:08.156',-0.230,-0.160
'0:08.158',-0.215,-0.160
'0:08.161',-0.220,-0.160
'0:08.164',-0.225,-0.140
'0:08.167',-0.230,-0.120
'0:08.169',-0.230,-0.120
'0:08.172',-0.235,-0.130
'0:08.175',-0.245,-0.130
'0:08.178',-0.255,-0.125
'0:08.181',-0.240,-0.125
'0:08.183',-0.235,-0.115
'0:08.186',-0.245,-0.110
'0:08.189',-0.235,-0.130
'0:08.192',-0.230,-0.145
'0:08.194',-0.220,-0.155
'0:08.197',-0.195,-0.140
'0:08.200',-0.220,-0.140
'0:08.203',-0.245,-0.145
'0:08.206',-0.260,-0.150
'0:08.208',-0.270,-0.160
'0:08.211',-0.290,-0.165
'0:08.214',-0.300,-0.160
'0:08.217',-0.305,-0.150
'0:08.219',-0.305,-0.165
'0:08.222',-0.320,-0.185
'0:08.225',-0.330,-0.180
'0:08.228',-0.350,-0.185
'0:08.231',-0.350,-0.170
'0:08.233',-0.335,-0.155
'0:08.236',-0.335,-0.175
'0:08.239',-0.335,-0.190
'0:08.242',-0.340,-0.195
'0:08.244',-0.350,-0.195
'0:08.247',-0.350,-0.180
'0:08.250',-0.345,-0.175
'0:08.253',-0.335,-0.180
'0:08.256',-0.345,-0.180
'0:08.258',-0.355,-0.190
'0:08.261',-0.370,-0.170
'0:08.264',-0.350,-0.180
'0:08.267',-0.345,-0.175
'0:08.269',-0.335,-0.180
'0:08.272',-0.335,-0.185
'0:08.275',-0.335,-0.200
'0:08.278',-0.355,-0.195
'0:08.281',-0.355,-0.200
'0:08.283',-0.345,-0.225
'0:08.286',-0.355,-0.255
'0:08.289',-0.395,-0.295
'0:08.292',-0.450,-0.330
'0:08.294',-0.480,-0.340
'0:08.297',-0.505,-0.305
'0:08.300',-0.525,-0.195
'0:08.303',-0.545,-0.065
'0:08.306',-0.500,0.070
'0:08.308',-0.395,0.180
'0:08.311',-0.255,0.285
'0:08.314',-0.070,0.415
'0:08.317',0.145,0.555
'0:08.319',0.425,0.670
'0:08.322',0.685,0.700
'0:08.325',0.875,0.555
'0:08.328',0.925,0.210
'0:08.331',0.795,-0.125
'0:08.333',0.470,-0.265
'0:08.336',0.020,-0.240
'0:08.339',-0.325,-0.215
'0:08.342',-0.470,-0.215
'0:08.344',-0.485,-0.230
'0:08.347',-0.410,-0.220
'0:08.350',-0.365,-0.210
'0:08.353',-0.355,-0.235
'0:08.356',-0.365,-0.235
'0:08.358',-0.380,-0.235
'0:08.361',-0.385,-0.230
'0:08.364',-0.380,-0.225
'0:08.367',-0.370,-0.210
'0:08.369',-0.370,-0.215
'0:08.372',-0.375,-0.225
'0:08.375',-0.385,-0.240
'0:08.378',-0.395,-0.250
'0:08.381',-0.385,-0.230
'0:08.383',-0.380,-0.230
'0:08.386',-0.385,-0.225
'0:08.389',-0.375,-0.230
'0:08.392',-0.390,-0.240
'0:08.394',-0.405,-0.235
'0:08.397',-0.405,-0.230
'0:08.400',-0.390,-0.225
'0:08.403',-0.385,-0.230
'0:08.406',-0.385,-0.245
'0:08.408',-0.390,-0.235
'0:08.411',-0.410,-0.235
'0:08.414',-0.400,-0.220
'0:08.417',-0.390,-0.220
'0:08.419',-0.385,-0.225
'0:08.422',-0.385,-0.230
'0:08.425',-0.395,-0.245
'0:08.428',-0.390,-0.225
'0:08.431',-0.395,-0.220
'0:08.433',-0.380,-0.210
'0:08.436',-0.375,-0.210
'0:08.439',-0.380,-0.220
'0:08.442',-0.385,-0.240
'0:08.444',-0.400,-0.235
'0:08.447',-0.385,-0.225
'0:08.450',-0.380,-0.210
'0:08.453',-0.375,-0.200
'0:08.456',-0.380,-0.225
'0:08.458',-0.395,-0.225
'0:08.461',-0.395,-0.225
'0:08.464',-0.385,-0.225
'0:08.467',-0.375,-0.215
'0:08.469',-0.370,-0.215
'0:08.472',-0.365,-0.235
'0:08.475',-0.385,-0.240
'0:08.478',-0.395,-0.240
'0:08.481',-0.385,-0.235
'0:08.483',-0.385,-0.220
'0:08.486',-0.370,-0.225
'0:08.489',-0.375,-0.235
'0:08.492',-0.370,-0.245
'0:08.494',-0.375,-0.245
'0:08.497',-0.375,-0.230
'0:08.500',-0.370,-0.225
'0:08.503',-0.355,-0.220
'0:08.506',-0.365,-0.245
'0:08.508',-0.380,-0.250
'0:08.511',-0.375,-0.255
'0:08.514',-0.370,-0.255
'0:08.517',-0.380,-0.240
'0:08.519',-0.365,-0.250
'0:08.522',-0.370,-0.260
'0:08.525',-0.375,-0.275
'0:08.528',-0.390,-0.285
'0:08.531',-0.380,-0.275
'0:08.533',-0.375,-0.280
'0:08.536',-0.380,-0.290
'0:08.539',-0.370,-0.300
'0:08.542',-0.375,-0.305
'0:08.544',-0.380,-0.315
'0:08.547',-0.385,-0.310
'0:08.550',-0.385,-0.315
'0:08.553',-0.370,-0.325
'0:08.556',-0.375,-0.335
'0:08.558',-0.375,-0.350
'0:08.561',-0.380,-0.345
'0:08.564',-0.380,-0.340
'0:08.567',-0.380,-0.335
'0:08.569',-0.380,-0.350
'0:08.572',-0.375,-0.360
'0:08.575',-0.390,-0.370
'0:08.578',-0.395,-0.365
'0:08.581',-0.385,-0.360
'0:08.583',-0.385,-0.345
'0:08.586',-0.375,-0.340
'0:08.589',-0.375,-0.350
'0:08.592',-0.385,-0.355
'0:08.594',-0.385,-0.345
'0:08.597',-0.390,-0.325
'0:08.600',-0.370,-0.305
'0:08.603',-0.365,-0.300
'0:08.606',-0.365,-0.285
'0:08.608',-0.375,-0.285
'0:08.611',-0.385,-0.280
'0:08.614',-0.350,-0.265
'0:08.617',-0.345,-0.230
'0:08.619',-0.325,-0.235
'0:08.622',-0.325,-0.240
'0:08.625',-0.330,-0.245
'0:08.628',-0.325,-0.225
'0:08.631',-0.325,-0.215
'0:08.633',-0.315,-0.195
'0:08.636',-0.315,-0.180
'0:08.639',-0.315,-0.180
'0:08.642',-0.300,-0.190
'0:08.644',-0.300,-0.180
'0:08.647',-0.285,-0.165
'0:08.650',-0.270,-0.140
'0:08.653',-0.265,-0.155
'0:08.656',-0.260,-0.165
'0:08.658',-0.275,-0.160
'0:08.661',-0.285,-0.155
'0:08.664',-0.265,-0.145
'0:08.667',-0.255,-0.135
'0:08.669',-0.250,-0.150
'0:08.672',-0.270,-0.165
'0:08.675',-0.280,-0.170
'0:08.678',-0.285,-0.150
'0:08.681',-0.285,-0.145
'0:08.683',-0.280,-0.145
'0:08.686',-0.270,-0.145
'0:08.689',-0.270,-0.160
'0:08.692',-0.270,-0.170
'0:08.694',-0.285,-0.170
'0:08.697',-0.280,-0.155
'0:08.700',-0.275,-0.135
'0:08.703',-0.270,-0.145
'0:08.706',-0.265,-0.155
'0:08.708',-0.275,-0.165
'0:08.711',-0.290,-0.180
'0:08.714',-0.285,-0.165
'0:08.717',-0.285,-0.150
'0:08.719',-0.275,-0.160
'0:08.722',-0.270,-0.150
'0:08.725',-0.280,-0.170
'0:08.728',-0.295,-0.175
'0:08.731',-0.280,-0.165
'0:08.733',-0.270,-0.155
'0:08.736',-0.270,-0.165
'0:08.739',-0.275,-0.175
'0:08.742',-0.285,-0.180
'0:08.744',-0.300,-0.175
'0:08.747',-0.295,-0.165
'0:08.750',-0.290,-0.160
'0:08.753',-0.295,-0.165
'0:08.756',-0.300,-0.185
'0:08.758',-0.290,-0.195
'0:08.761',-0.305,-0.185
'0:08.764',-0.295,-0.185
'0:08.767',-0.290,-0.170
'0:08.769',-0.295,-0.175
'0:08.772',-0.290,-0.170
'0:08.775',-0.310,-0.185
'0:08.778',-0.320,-0.180
'0:08.781',-0.315,-0.185
'0:08.783',-0.315,-0.180
'0:08.786',-0.300,-0.175
'0:08.789',-0.305,-0.185
'0:08.792',-0.315,-0.190
'0:08.794',-0.330,-0.185
'0:08.797',-0.320,-0.170
'0:08.800',-0.305,-0.160
'0:08.803',-0.315,-0.185
'0:08.806',-0.305,-0.185
'0:08.808',-0.315,-0.190
'0:08.811',-0.325,-0.200
'0:08.814',-0.310,-0.195
'0:08.817',-0.295,-0.165
'0:08.819',-0.300,-0.175
'0:08.822',-0.305,-0.180
'0:08.825',-0.310,-0.190
'0:08.828',-0.325,-0.195
'0:08.831',-0.315,-0.190
'0:08.833',-0.315,-0.160
'0:08.836',-0.305,-0.175
'0:08.839',-0.305,-0.165
'0:08.842',-0.325,-0.185
'0:08.844',-0.320,-0.180
'0:08.847',-0.320,-0.180
'0:08.850',-0.310,-0.155
'0:08.853',-0.305,-0.170
'0:08.856',-0.320,-0.180
'0:08.858',-0.320,-0.180
'0:08.861',-0.320,-0.185
'0:08.864',-0.310,-0.165
'0:08.867',-0.305,-0.150
'0:08.869',-0.290,-0.160
'0:08.872',-0.285,-0.165
'0:08.875',-0.290,-0.180
'0:08.878',-0.305,-0.180
'0:08.881',-0.310,-0.165
'0:08.883',-0.300,-0.150
'0:08.886',-0.300,-0.155
'0:08.889',-0.310,-0.155
'0:08.892',-0.315,-0.170
'0:08.894',-0.315,-0.175
'0:08.897',-0.310,-0.165
'0:08.900',-0.295,-0.155
'0:08.903',-0.300,-0.150
'0:08.906',-0.295,-0.155
'0:08.908',-0.315,-0.165
'0:08.911',-0.310,-0.165
'0:08.914',-0.290,-0.160
'0:08.917',-0.265,-0.160
'0:08.919',-0.240,-0.165
'0:08.922',-0.255,-0.170
'0:08.925',-0.240,-0.175
'0:08.928',-0.250,-0.160
'0:08.931',-0.225,-0.135
'0:08.933',-0.225,-0.140
'0:08.936',-0.215,-0.145
'0:08.939',-0.210,-0.140
'0:08.942',-0.200,-0.145
'0:08.944',-0.195,-0.135
'0:08.947',-0.195,-0.125
'0:08.950',-0.180,-0.115
'0:08.953',-0.175,-0.115
'0:08.956',-0.180,-0.125
'0:08.958',-0.205,-0.130
'0:08.961',-0.215,-0.105
'0:08.964',-0.210,-0.095
'0:08.967',-0.210,-0.095
'0:08.969',-0.210,-0.095
'0:08.972',-0.210,-0.095
'0:08.975',-0.215,-0.095
'0:08.978',-0.225,-0.115
'0:08.981',-0.210,-0.120
'0:08.983',-0.180,-0.120
'0:08.986',-0.170,-0.130
'0:08.989',-0.185,-0.135
'0:08.992',-0.240,-0.125
'0:08.994',-0.255,-0.140
'0:08.997',-0.255,-0.135
'0:09.000',-0.270,-0.120
'0:09.003',-0.275,-0.150
'0:09.006',-0.285,-0.150
'0:09.008',-0.300,-0.155
'0:09.011',-0.300,-0.160
'0:09.014',-0.315,-0.145
'0:09.017',-0.305,-0.140
'0:09.019',-0.300,-0.145
'0:09.022',-0.295,-0.145
'0:09.025',-0.300,-0.160
'0:09.028',-0.315,-0.165
'0:09.031',-0.310,-0.155
'0:09.033',-0.310,-0.145
'0:09.036',-0.300,-0.155
'0:09.039',-0.300,-0.155
'0:09.042',-0.305,-0.170
'0:09.044',-0.315,-0.165
'0:09.047',-0.325,-0.160
'0:09.050',-0.320,-0.155
'0:09.053',-0.320,-0.160
'0:09.056',-0.320,-0.170
'0:09.058',-0.325,-0.170
'0:09.061',-0.340,-0.165
'0:09.064',-0.335,-0.165
'0:09.067',-0.325,-0.145
'0:09.069',-0.315,-0.170
'0:09.072',-0.320,-0.190
'0:09.075',-0.345,-0.225
'0:09.078',-0.370,-0.250
'0:09.081',-0.395,-0.270
'0:09.083',-0.425,-0.280
'0:09.086',-0.445,-0.305
'0:09.089',-0.465,-0.290
'0:09.092',-0.510,-0.200
'0:09.094',-0.530,-0.075
'0:09.097',-0.485,0.040
'0:09.100',-0.370,0.135
'0:09.103',-0.235,0.215
'0:09.106',-0.090,0.320
'0:09.108',0.105,0.435
'0:09.111',0.375,0.540
'0:09.114',0.655,0.580
'0:09.117',0.820,0.465
'0:09.119',0.865,0.145
'0:09.122',0.735,-0.155
'0:09.125',0.450,-0.285
'0:09.128',0.060,-0.250
'0:09.131',-0.270,-0.200
'0:09.133',-0.430,-0.180
'0:09.136',-0.460,-0.190
'0:09.139',-0.415,-0.190
'0:09.142',-0.385,-0.185
'0:09.144',-0.365,-0.195
'0:09.147',-0.355,-0.185
'0:09.150',-0.355,-0.175
'0:09.153',-0.345,-0.190
'0:09.156',-0.350,-0.195
'0:09.158',-0.350,-0.205
'0:09.161',-0.360,-0.205
'0:09.164',-0.345,-0.185
'0:09.167',-0.340,-0.165
'0:09.169',-0.340,-0.185
'0:09.172',-0.335,-0.190
'0:09.175',-0.335,-0.210
'0:09.178',-0.355,-0.210
'0:09.181',-0.345,-0.200
'0:09.183',-0.340,-0.190
'0:09.186',-0.335,-0.185
'0:09.189',-0.340,-0.195
'0:09.192',-0.350,-0.210
'0:09.194',-0.365,-0.210
'0:09.197',-0.360,-0.190
'0:09.200',-0.365,-0.180
'0:09.203',-0.350,-0.190
'0:09.206',-0.345,-0.195
'0:09.208',-0.365,-0.215
'0:09.211',-0.360,-0.215
'0:09.214',-0.350,-0.195
'0:09.217',-0.355,-0.185
'0:09.219',-0.350,-0.180
'0:09.222',-0.355,-0.185
'0:09.225',-0.350,-0.200
'0:09.228',-0.360,-0.205
'0:09.231',-0.335,-0.190
'0:09.233',-0.335,-0.180
'0:09.236',-0.330,-0.185
'0:09.239',-0.340,-0.195
'0:09.242',-0.350,-0.195
'0:09.244',-0.350,-0.195
'0:09.247',-0.345,-0.190
'0:09.250',-0.335,-0.185
'0:09.253',-0.345,-0.195
'0:09.256',-0.355,-0.195
'0:09.258',-0.355,-0.205
'0:09.261',-0.370,-0.200
'0:09.264',-0.355,-0.190
'0:09.267',-0.350,-0.185
'0:09.269',-0.345,-0.195
'0:09.272',-0.365,-0.210
'0:09.275',-0.365,-0.215
'0:09.278',-0.370,-0.215
'0:09.281',-0.365,-0.205
'0:09.283',-0.355,-0.190
'0:09.286',-0.345,-0.190
'0:09.289',-0.345,-0.205
'0:09.292',-0.345,-0.220
'0:09.294',-0.340,-0.215
'0:09.297',-0.335,-0.205
'0:09.300',-0.325,-0.210
'0:09.303',-0.335,-0.220
'0:09.306',-0.345,-0.230
'0:09.308',-0.350,-0.240
'0:09.311',-0.350,-0.255
'0:09.314',-0.355,-0.240
'0:09.317',-0.355,-0.225
'0:09.319',-0.360,-0.230
'0:09.322',-0.350,-0.250
'0:09.325',-0.360,-0.250
'0:09.328',-0.365,-0.260
'0:09.331',-0.345,-0.260
'0:09.333',-0.345,-0.255
'0:09.336',-0.330,-0.260
'0:09.339',-0.350,-0.285
'0:09.342',-0.345,-0.295
'0:09.344',-0.355,-0.300
'0:09.347',-0.350,-0.285
'0:09.350',-0.340,-0.280
'0:09.353',-0.335,-0.290
'0:09.356',-0.350,-0.305
'0:09.358',-0.365,-0.315
'0:09.361',-0.380,-0.320
'0:09.364',-0.385,-0.310
'0:09.367',-0.355,-0.305
'0:09.369',-0.360,-0.310
'0:09.372',-0.355,-0.320
'0:09.375',-0.370,-0.325
'0:09.378',-0.385,-0.335
'0:09.381',-0.370,-0.320
'0:09.383',-0.370,-0.300
'0:09.386',-0.350,-0.300
'0:09.389',-0.345,-0.300
'0:09.392',-0.365,-0.285
'0:09.394',-0.365,-0.280
'0:09.397',-0.360,-0.260
'0:09.400',-0.345,-0.240
'0:09.403',-0.330,-0.235
'0:09.406',-0.330,-0.225
'0:09.408',-0.330,-0.230
'0:09.411',-0.335,-0.225
'0:09.414',-0.315,-0.190
'0:09.417',-0.310,-0.180
'0:09.419',-0.285,-0.185
'0:09.422',-0.290,-0.180
'0:09.425',-0.290,-0.195
'0:09.428',-0.300,-0.180
'0:09.431',-0.280,-0.170
'0:09.433',-0.275,-0.160
'0:09.436',-0.260,-0.170
'0:09.439',-0.260,-0.170
'0:09.442',-0.270,-0.180
'0:09.444',-0.265,-0.180
'0:09.447',-0.255,-0.170
'0:09.450',-0.250,-0.155
'0:09.453',-0.245,-0.155
'0:09.456',-0.245,-0.160
'0:09.458',-0.255,-0.180
'0:09.461',-0.265,-0.175
'0:09.464',-0.260,-0.165
'0:09.467',-0.255,-0.160
'0:09.469',-0.240,-0.170
'0:09.472',-0.250,-0.175
'0:09.475',-0.255,-0.190
'0:09.478',-0.275,-0.190
'0:09.481',-0.275,-0.175
'0:09.483',-0.265,-0.165
'0:09.486',-0.270,-0.175
'0:09.489',-0.275,-0.180
'0:09.492',-0.280,-0.185
'0:09.494',-0.290,-0.185
'0:09.497',-0.280,-0.185
'0:09.500',-0.275,-0.165
'0:09.503',-0.270,-0.185
'0:09.506',-0.270,-0.185
'0:09.508',-0.280,-0.205
'0:09.511',-0.290,-0.210
'0:09.514',-0.280,-0.195
'0:09.517',-0.285,-0.170
'0:09.519',-0.275,-0.180
'0:09.522',-0.290,-0.185
'0:09.525',-0.280,-0.190
'0:09.528',-0.290,-0.200
'0:09.531',-0.280,-0.200
'0:09.533',-0.285,-0.195
'0:09.536',-0.275,-0.200
'0:09.539',-0.280,-0.205
'0:09.542',-0.295,-0.210
'0:09.544',-0.305,-0.215
'0:09.547',-0.300,-0.205
'0:09.550',-0.300,-0.205
'0:09.553',-0.305,-0.220
'0:09.556',-0.315,-0.215
'0:09.558',-0.320,-0.225
'0:09.561',-0.310,-0.215
'0:09.564',-0.310,-0.210
'0:09.567',-0.300,-0.190
'0:09.569',-0.310,-0.205
'0:09.572',-0.310,-0.215
'0:09.575',-0.320,-0.220
'0:09.578',-0.325,-0.225
'0:09.581',-0.310,-0.210
'0:09.583',-0.320,-0.200
'0:09.586',-0.310,-0.205
'0:09.589',-0.310,-0.215
'0:09.592',-0.315,-0.220
'0:09.594',-0.325,-0.225
'0:09.597',-0.315,-0.215
'0:09.600',-0.305,-0.205
'0:09.603',-0.315,-0.195
'0:09.606',-0.310,-0.215
'0:09.608',-0.320,-0.230
'0:09.611',-0.325,-0.235
'0:09.614',-0.325,-0.220
'0:09.617',-0.320,-0.205
'0:09.619',-0.305,-0.220
'0:09.622',-0.305,-0.230
'0:09.625',-0.300,-0.240
'0:09.628',-0.315,-0.235
'0:09.631',-0.300,-0.215
'0:09.633',-0.310,-0.210
'0:09.636',-0.315,-0.205
'0:09.639',-0.305,-0.205
'0:09.642',-0.310,-0.210
'0:09.644',-0.320,-0.215
'0:09.647',-0.310,-0.220
'0:09.650',-0.300,-0.205
'0:09.653',-0.295,-0.220
'0:09.656',-0.300,-0.230
'0:09.658',-0.315,-0.225
'0:09.661',-0.325,-0.225
'0:09.664',-0.325,-0.195
'0:09.667',-0.305,-0.195
'0:09.669',-0.310,-0.220
'0:09.672',-0.290,-0.230
'0:09.675',-0.315,-0.250
'0:09.678',-0.325,-0.240
'0:09.681',-0.320,-0.225
'0:09.683',-0.290,-0.210
'0:09.686',-0.280,-0.210
'0:09.689',-0.260,-0.230
'0:09.692',-0.260,-0.235
'0:09.694',-0.265,-0.240
'0:09.697',-0.260,-0.210
'0:09.700',-0.250,-0.195
'0:09.703',-0.230,-0.195
'0:09.706',-0.220,-0.190
'0:09.708',-0.220,-0.200
'0:09.711',-0.235,-0.195
'0:09.714',-0.220,-0.180
'0:09.717',-0.205,-0.180
'0:09.719',-0.205,-0.190
'0:09.722',-0.210,-0.190
'0:09.725',-0.210,-0.180
'0:09.728',-0.230,-0.185
'0:09.731',-0.240,-0.165
'0:09.733',-0.230,-0.165
'0:09.736',-0.225,-0.175
'0:09.739',-0.235,-0.185
'0:09.742',-0.250,-0.200
'0:09.744',-0.265,-0.195
'0:09.747',-0.260,-0.185
'0:09.750',-0.245,-0.180
'0:09.753',-0.215,-0.195
'0:09.756',-0.215,-0.195
'0:09.758',-0.245,-0.215
'0:09.761',-0.280,-0.200
'0:09.764',-0.275,-0.210
'0:09.767',-0.275,-0.195
'0:09.769',-0.295,-0.225
'0:09.772',-0.310,-0.235
'0:09.775',-0.325,-0.245
'0:09.778',-0.340,-0.245
'0:09.781',-0.340,-0.220
'0:09.783',-0.325,-0.230
'0:09.786',-0.315,-0.220
'0:09.789',-0.310,-0.225
'0:09.792',-0.315,-0.240
'0:09.794',-0.330,-0.225
'0:09.797',-0.330,-0.210
'0:09.800',-0.325,-0.220
'0:09.803',-0.325,-0.230
'0:09.806',-0.335,-0.230
'0:09.808',-0.345,-0.240
'0:09.811',-0.350,-0.245
'0:09.814',-0.350,-0.245
'0:09.817',-0.350,-0.240
'0:09.819',-0.345,-0.235
'0:09.822',-0.350,-0.240
'0:09.825',-0.365,-0.255
'0:09.828',-0.360,-0.255
'0:09.831',-0.350,-0.250
'0:09.833',-0.355,-0.230
'0:09.836',-0.345,-0.240
'0:09.839',-0.345,-0.250
'0:09.842',-0.350,-0.265
'0:09.844',-0.365,-0.290
'0:09.847',-0.380,-0.310
'0:09.850',-0.405,-0.305
'0:09.853',-0.425,-0.335
'0:09.856',-0.440,-0.355
'0:09.858',-0.470,-0.335
'0:09.861',-0.520,-0.270
'0:09.864',-0.540,-0.160
'0:09.867',-0.490,-0.050
'0:09.869',-0.390,0.010
'0:09.872',-0.260,0.065
'0:09.875',-0.115,0.135
'0:09.878',0.085,0.240
'0:09.881',0.360,0.355
'0:09.883',0.615,0.395
'0:09.886',0.780,0.255
'0:09.889',0.835,-0.015
'0:09.892',0.720,-0.295
'0:09.894',0.410,-0.405
'0:09.897',0.030,-0.390
'0:09.900',-0.255,-0.340
'0:09.903',-0.415,-0.305
'0:09.906',-0.470,-0.310
'0:09.908',-0.465,-0.295
'0:09.911',-0.435,-0.295
'0:09.914',-0.395,-0.280
'0:09.917',-0.375,-0.270
'0:09.919',-0.370,-0.265
'0:09.922',-0.375,-0.285
'0:09.925',-0.375,-0.290
'0:09.928',-0.390,-0.290
'0:09.931',-0.400,-0.290
'0:09.933',-0.380,-0.285
'0:09.936',-0.385,-0.290
'0:09.939',-0.385,-0.290
'0:09.942',-0.385,-0.285
'0:09.944',-0.385,-0.285
'0:09.947',-0.370,-0.285
'0:09.950',-0.370,-0.265
'0:09.953',-0.360,-0.265
'0:09.956',-0.380,-0.275
'0:09.958',-0.380,-0.285
'0:09.961',-0.385,-0.280
'0:09.964',-0.370,-0.270
'0:09.967',-0.370,-0.270
'0:09.969',-0.365,-0.275
'0:09.972',-0.375,-0.270
'0:09.975',-0.385,-0.285
'0:09.978',-0.390,-0.300
'0:09.981',-0.390,-0.280
'0:09.983',-0.385,-0.275
'0:09.986',-0.385,-0.285
'0:09.989',-0.395,-0.285
'0:09.992',-0.390,-0.295
'0:09.994',-0.400,-0.290
'0:09.997',-0.405,-0.285
